odds_range,total_bets,win_rate,avg_roi,avg_edge
Heavy Fav (<1.83),7,0.8571428571428571,-547.2857142857143,0.4916887897588746
