hometeam,awayteam,home_odds,away_odds,off_rating_diff,def_rating_diff,recent_win_diff,pace_diff,home_recent_avg_pts,away_recent_avg_pts,home_EFG_PCT,away_EFG_PCT,odds_diff,implied_home_win_pct,implied_away_win_pct,implied_win_diff,model_win_prob,prediction,predicted_odds,implied_prob,value_gap,value_flag
Detroit Pistons,Sacramento Kings,-303,250,-0.7999999999999972,-3.8999999999999915,0.0,1.0400000000000063,110,110,0.55,0.546,-553,0.7518610421836228,0.2857142857142857,0.4661467564693371,0.7495691577593485,HOME,-303,0.7518610421836228,-0.002291884424274304,–
Miami Heat,Philadelphia 76ers,-1111,700,-6.099999999999994,0.8000000000000114,0.0,-1.0400000000000063,110,110,0.54,0.528,-1811,0.9174236168455822,0.125,0.7924236168455822,0.8099456032117208,HOME,-1111,0.9174236168455822,-0.10747801363386134,⚠️ Caution Bet
