hometeam,awayteam,home_odds,away_odds,off_rating_diff,def_rating_diff,recent_win_diff,pace_diff,home_recent_avg_pts,away_recent_avg_pts,home_EFG_PCT,away_EFG_PCT,odds_diff,implied_home_win_pct,implied_away_win_pct,implied_win_diff,model_win_prob,prediction,predicted_odds,implied_prob,value_gap,value_flag
Indiana Pacers,Cleveland Cavaliers,-417,320,3.5,-7.799999999999997,0.0,0.3299999999999983,110,110,0.563,0.58,-737,0.8065764023210832,0.23809523809523808,0.5684811642258452,0.7242817878723145,HOME,-417,0.8065764023210832,-0.08229461444876873,⚠️ Caution Bet
Detroit Pistons,New York Knicks,-192,160,0.8000000000000114,-5.8999999999999915,0.0,2.3800000000000097,110,110,0.55,0.558,-352,0.6575342465753424,0.38461538461538464,0.2729188619599578,0.6842395663261414,HOME,-192,0.6575342465753424,0.026705319750798928,–
Brooklyn Nets,Atlanta Hawks,575,-833,-6.099999999999994,2.299999999999997,0.0,-7.239999999999995,110,110,0.515,0.541,1408,0.14814814814814814,0.8928188638799571,-0.744670715731809,0.18351114789644876,AWAY,-833,0.8928188638799571,-0.7093077159835084,⚠️ Caution Bet
Milwaukee Bucks,New Orleans Pelicans,-1111,725,-5.0,1.5999999999999943,0.0,0.4200000000000017,110,110,0.562,0.522,-1836,0.9174236168455822,0.12121212121212122,0.7962114956334609,0.7930735945701599,HOME,-1111,0.9174236168455822,-0.12435002227542225,⚠️ Caution Bet
Memphis Grizzlies,Minnesota Timberwolves,-115,-105,7.1000000000000085,-2.5,0.0,5.569999999999993,110,110,0.555,0.551,-10,0.5348837209302325,0.5121951219512195,0.022688598979012986,0.4368090033531189,AWAY,-105,0.5121951219512195,-0.07538611859810063,⚠️ Caution Bet
