odds_range,total_bets,win_rate,avg_roi,avg_edge
Heavy Fav (<1.83),6,0.8333333333333334,-302.8333333333333,0.5453001482336078
Underdog (>2.5),2,0.5,56.5,0.4911507080848555
