hometeam,awayteam,home_odds,away_odds,off_rating_diff,def_rating_diff,recent_win_diff,pace_diff,home_recent_avg_pts,away_recent_avg_pts,home_EFG_PCT,away_EFG_PCT,odds_diff,implied_home_win_pct,implied_away_win_pct,implied_win_diff,model_win_prob,prediction,predicted_odds,implied_prob,value_gap,value_flag,actual_winner
Philadelphia 76ers,Milwaukee Bucks,500,-714,-0.5,3.200000000000003,0.0,-2.1599999999999966,110,110,0.528,0.562,1214,0.1666666666666666,0.8771498771498771,-0.7104832104832105,0.1821626871824264,AWAY,-714,0.8771498771498771,-0.6949871899674507,⚠️ Caution Bet,AWAY
Washington Wizards,Orlando Magic,810,-1429,-3.4000000000000057,9.0,0.0,5.609999999999999,110,110,0.513,0.506,2239,0.1098901098901098,0.934597776324395,-0.8247076664342852,0.1835111478964487,AWAY,-1429,0.934597776324395,-0.7510866284279463,⚠️ Caution Bet,AWAY
Miami Heat,Memphis Grizzlies,180,-208,-1.0999999999999943,-5.299999999999997,0.0,-6.969999999999999,110,110,0.54,0.555,388,0.3571428571428571,0.6753246753246753,-0.3181818181818182,0.4310099184513092,AWAY,-208,0.6753246753246753,-0.2443147568733661,⚠️ Caution Bet,AWAY
Brooklyn Nets,Minnesota Timberwolves,580,-833,-2.1999999999999886,0.2999999999999971,0.0,-1.8900000000000008,110,110,0.515,0.551,1413,0.1470588235294117,0.8928188638799571,-0.7457600403505453,0.1727787603934606,AWAY,-833,0.8928188638799571,-0.7200401034864965,⚠️ Caution Bet,AWAY
Toronto Raptors,Portland Trail Blazers,160,-192,-5.0,2.5999999999999943,0.0,1.0400000000000065,110,110,0.521,0.524,352,0.3846153846153846,0.6575342465753424,-0.2729188619599578,0.3901173174381256,AWAY,-192,0.6575342465753424,-0.2674169291372168,⚠️ Caution Bet,AWAY
Los Angeles Lakers,Golden State Warriors,-122,102,3.0,0.2999999999999971,0.0,-1.1400000000000006,110,110,0.554,0.533,-224,0.5495495495495496,0.495049504950495,0.0545000445990545,0.515314390261968,HOME,-122,0.5495495495495496,-0.0342351592875815,⚠️ Caution Bet,AWAY
