hometeam,awayteam,home_odds,away_odds,off_rating_diff,def_rating_diff,recent_win_diff,pace_diff,home_recent_avg_pts,away_recent_avg_pts,home_EFG_PCT,away_EFG_PCT,odds_diff,implied_home_win_pct,implied_away_win_pct,implied_win_diff,model_win_prob,value_gap,prediction,value_flag,actual_winner
Cleveland Cavaliers,San Antonio Spurs,-909,640,5.699999999999989,-2.4000000000000057,0.0,0.3100000000000023,110,110,0.58,0.545,-1549,0.0011001100110011,0.0015625,-0.00046238998899890004,0.859575629234314,0.8584755192233129,HOME,👍 Value Bet,HOME
Orlando Magic,Dallas Mavericks,-263,215,-6.5,-5.0,0.0,-3.539999999999992,110,110,0.506,0.551,-478,0.0038022813688212928,0.004651162790697674,-0.0008488814218763816,0.6704042156537374,0.6666019342849161,HOME,👍 Value Bet, AWAY
Washington Wizards,Indiana Pacers,430,-556,-7.700000000000003,2.5,0.0,1.5700000000000074,110,110,0.513,0.563,986,0.002325581395348837,0.0017985611510791368,0.0005270202442697004,0.16671581069628397,0.16439022930093514,AWAY,👍 Value Bet,AWAY
Miami Heat,Atlanta Hawks,-128,108,-3.299999999999997,-0.3999999999999915,0.0,-6.75,110,110,0.54,0.541,-236,0.0078125,0.009259259259259259,-0.0014467592592592587,0.5071973502635956,0.4993848502635956,HOME,👍 Value Bet,HOME
Chicago Bulls,Los Angeles Lakers,134,-159,-0.5999999999999943,1.1000000000000085,0.0,4.9199999999999875,110,110,0.552,0.554,293,0.007462686567164179,0.006289308176100629,0.0011733783910635497,0.38625959555308026,0.37879690898591606,AWAY,👍 Value Bet,HOME
Oklahoma City Thunder,Memphis Grizzlies,-476,360,6.6000000000000085,-11.5,0.0,-3.25,110,110,0.559,0.555,-836,0.0021008403361344537,0.002777777777777778,-0.0006769374416433242,0.6621651649475098,0.6600643246113753,HOME,👍 Value Bet,HOME
Utah Jazz,Houston Rockets,500,-714,0.7000000000000028,4.1000000000000085,0.0,1.9200000000000017,110,110,0.536,0.517,1214,0.002,0.0014005602240896359,0.0005994397759103642,0.19895802438259125,0.19695802438259125,AWAY,👍 Value Bet,AWAY
Sacramento Kings,Portland Trail Blazers,-222,190,1.0999999999999943,3.700000000000003,0.0,0.10999999999999943,110,110,0.546,0.524,-412,0.0045045045045045045,0.005263157894736842,-0.0007586533902323375,0.6916958491007487,0.6871913445962442,HOME,👍 Value Bet,HOME
