hometeam,awayteam,home_odds,away_odds,off_rating_diff,def_rating_diff,recent_win_diff,pace_diff,home_recent_avg_pts,away_recent_avg_pts,home_EFG_PCT,away_EFG_PCT,odds_diff,implied_home_win_pct,implied_away_win_pct,implied_win_diff,model_win_prob,value_gap,prediction,value_flag,actual_winner
Milwaukee Bucks,Phoenix Suns,-238,200,-2.6000000000000085,-3.1000000000000085,0.0,1.6400000000000006,110,110,0.562,0.564,-438,0.0042016806722689,0.005,-0.000798319327731,0.6916958491007487,0.6874941684284798,HOME,👍 Value Bet,HOME
Atlanta Hawks,Portland Trail Blazers,-196,170,-1.7000000000000028,3.0,0.0,4.409999999999997,110,110,0.541,0.524,-366,0.0051020408163265,0.0058823529411764,-0.0007803121248499,0.7020167112350464,0.6969146704187199,HOME,👍 Value Bet,AWAY
New York Knicks,Philadelphia 76ers,-909,650,0.2999999999999971,2.0,0.0,0.0699999999999931,110,110,0.558,0.528,-1559,0.0011001100110011,0.0015384615384615,-0.0004383515274604,0.8435553908348083,0.8424552808238073,HOME,👍 Value Bet,HOME
Chicago Bulls,Toronto Raptors,-179,150,-1.0999999999999943,5.900000000000006,0.0,3.059999999999988,110,110,0.552,0.521,-329,0.0055865921787709,0.0066666666666666,-0.0010800744878957,0.6242877046267191,0.6187011124479481,HOME,👍 Value Bet,HOME
Memphis Grizzlies,Golden State Warriors,148,-167,6.400000000000006,-1.0,0.0,4.309999999999988,110,110,0.555,0.533,315,0.0067567567567567,0.0059880239520958,0.0007687328046609,0.4584274291992187,0.451670672442462,AWAY,👍 Value Bet,AWAY
San Antonio Spurs,Orlando Magic,145,-175,4.400000000000006,7.400000000000006,0.0,3.3999999999999915,110,110,0.545,0.506,320,0.0068965517241379,0.0057142857142857,0.0011822660098522,0.4414685169855754,0.4345719652614374,AWAY,👍 Value Bet,AWAY
Denver Nuggets,Minnesota Timberwolves,-154,130,8.400000000000006,0.5,0.0,2.480000000000004,110,110,0.573,0.551,-284,0.0064935064935064,0.0076923076923076,-0.0011988011988011,0.6643486420313517,0.6578551355378452,HOME,👍 Value Bet,AWAY
