hometeam,awayteam,home_odds,away_odds,off_rating_diff,def_rating_diff,recent_win_diff,pace_diff,home_recent_avg_pts,away_recent_avg_pts,home_EFG_PCT,away_EFG_PCT,odds_diff,implied_home_win_pct,implied_away_win_pct,implied_win_diff,model_win_prob,value_gap,prediction,value_flag,actual_winner
Charlotte Hornets,Utah Jazz,-143,120,-11.100000000000009,5.0,0.0,-2.530000000000001,110,110,0.504,0.536,-263,0.0069930069930069,0.0083333333333333,-0.0013403263403263,0.4692136943340301,0.4622206873410232,AWAY,👍 Value Bet,HOME
Indiana Pacers,Sacramento Kings,-189,158,-0.2000000000000028,-1.7999999999999972,0.0,1.2999999999999972,110,110,0.563,0.546,-347,0.0052910052910052,0.0063291139240506,-0.0010381086330453,0.6440215706825256,0.6387305653915203,HOME,👍 Value Bet,HOME
Orlando Magic,Los Angeles Clippers,122,-143,3.799999999999997,-2.0999999999999943,0.0,1.1899999999999975,110,110,0.506,0.533,265,0.0081967213114754,0.0069930069930069,0.0012037143184684,0.3862595955530802,0.3780628742416048,AWAY,👍 Value Bet,AWAY
Washington Wizards,Miami Heat,305,-370,-6.300000000000011,6.299999999999997,0.0,5.320000000000007,110,110,0.513,0.54,675,0.0032786885245901,0.0027027027027027,0.0005759858218874,0.1775598774353663,0.1742811889107761,AWAY,👍 Value Bet,AWAY
Memphis Grizzlies,Boston Celtics,165,-189,7.5,-7.299999999999997,0.0,6.849999999999994,110,110,0.555,0.563,354,0.006060606060606,0.0052910052910052,0.0007696007696007,0.4402088721593221,0.434148266098716,AWAY,👍 Value Bet,AWAY
Oklahoma City Thunder,Chicago Bulls,-1000,660,3.5,-6.799999999999997,0.0,-2.719999999999999,110,110,0.559,0.552,-1660,0.001,0.0015151515151515,-0.0005151515151515,0.8794169028600057,0.8784169028600057,HOME,👍 Value Bet,HOME
Dallas Mavericks,Brooklyn Nets,-417,320,-0.5999999999999943,6.599999999999994,0.0,3.739999999999995,110,110,0.551,0.515,-737,0.0023980815347721,0.003125,-0.0007269184652278,0.7540425062179565,0.7516444246831844,HOME,👍 Value Bet,AWAY
Los Angeles Lakers,Houston Rockets,-175,155,4.599999999999994,-0.7000000000000028,0.0,-0.4499999999999886,110,110,0.554,0.517,-330,0.0057142857142857,0.0064516129032258,-0.00073732718894,0.5938039620717367,0.588089676357451,HOME,👍 Value Bet,HOME
