hometeam,awayteam,home_odds,away_odds,off_rating_diff,def_rating_diff,recent_win_diff,pace_diff,home_recent_avg_pts,away_recent_avg_pts,home_EFG_PCT,away_EFG_PCT,odds_diff,implied_home_win_pct,implied_away_win_pct,implied_win_diff,model_win_prob,value_gap,prediction,value_flag,actual_winner
Cleveland Cavaliers,Los Angeles Clippers,-270,220,16.89999999999999,-0.09999999999999432,0.0,4.8999999999999915,110,110,0.58,0.533,-490,0.003703703703703704,0.004545454545454545,-0.0008417508417508414,0.7286498149236044,0.7249461112199007,HOME,👍 Value Bet,HOME
New York Knicks,Portland Trail Blazers,-333,270,3.0999999999999943,2.0999999999999943,0.0,-1.230000000000004,110,110,0.558,0.524,-603,0.003003003003003003,0.003703703703703704,-0.0007007007007007009,0.7242817878723145,0.7212787848693114,HOME,👍 Value Bet,HOME
Milwaukee Bucks,Atlanta Hawks,-175,145,-0.4000000000000057,-0.7000000000000028,0.0,-3.549999999999997,110,110,0.562,0.541,-320,0.005714285714285714,0.006896551724137931,-0.0011822660098522167,0.5582594474156698,0.5525451617013841,HOME,👍 Value Bet,AWAY
New Orleans Pelicans,Charlotte Hornets,-147,124,-4.900000000000006,11.799999999999997,0.0,1.4200000000000017,110,110,0.522,0.504,-271,0.006802721088435374,0.008064516129032258,-0.001261795040596884,0.4728044966856639,0.4660017755972285,AWAY,👍 Value Bet,HOME
Minnesota Timberwolves,Detroit Pistons,-278,225,3.0999999999999943,-3.8000000000000114,0.0,-2.0900000000000034,110,110,0.551,0.55,-503,0.0035971223021582736,0.0044444444444444444,-0.0008473221422861709,0.7090148131052653,0.705417690803107,HOME,👍 Value Bet,HOME
San Antonio Spurs,Golden State Warriors,470,-667,2.6000000000000085,2.6000000000000085,0.0,0.44999999999998863,110,110,0.545,0.533,1137,0.002127659574468085,0.0014992503748125937,0.0006284091996554915,0.18216268718242645,0.18003502760795836,AWAY,👍 Value Bet,AWAY
Philadelphia 76ers,Toronto Raptors,215,-263,-2.5,7.799999999999997,0.0,-2.3400000000000034,110,110,0.528,0.521,478,0.004651162790697674,0.0038022813688212928,0.0008488814218763816,0.34811269243558246,0.3434615296448848,AWAY,👍 Value Bet,AWAY
Phoenix Suns,Houston Rockets,115,-135,5.5,2.4000000000000057,0.0,-0.4099999999999966,110,110,0.564,0.517,250,0.008695652173913044,0.007407407407407408,0.001288244766505636,0.5262570877869924,0.5175614356130794,HOME,👍 Value Bet,HOME