hometeam,awayteam,home_odds,away_odds,off_rating_diff,def_rating_diff,recent_win_diff,pace_diff,home_recent_avg_pts,away_recent_avg_pts,home_EFG_PCT,away_EFG_PCT,odds_diff,implied_home_win_pct,implied_away_win_pct,implied_win_diff,model_win_prob,value_gap,prediction,value_flag,actual_winner
Orlando Magic,Sacramento Kings,-115,-105,-6.700000000000003,-6.099999999999994,0.0,-2.739999999999995,110,110,0.506,0.546,-10,0.008695652173913044,0.009523809523809525,-0.0008281573498964811,0.48326309521993,0.47456744304601695,AWAY,👍 Value Bet,HOME
Washington Wizards,Brooklyn Nets,-130,110,-9.0,9.099999999999994,0.0,5.810000000000002,110,110,0.513,0.515,-240,0.007692307692307693,0.00909090909090909,-0.0013986013986013977,0.4474012752374013,0.4397089675450936,AWAY,👍 Value Bet,AWAY
Philadelphia 76ers,Miami Heat,285,-345,-0.8000000000000114,6.099999999999994,0.0,1.0400000000000063,110,110,0.528,0.54,630,0.0035087719298245615,0.002898550724637681,0.0006102212051868803,0.25695744653542835,0.2534486746056038,AWAY,👍 Value Bet,AWAY
San Antonio Spurs,Boston Celtics,550,-833,3.700000000000003,-3.6999999999999886,0.0,2.989999999999995,110,110,0.545,0.563,1383,0.0018181818181818182,0.0012004801920768306,0.0006177016261049875,0.18216268718242645,0.18034450536424462,AWAY,👍 Value Bet,AWAY
Chicago Bulls,Dallas Mavericks,-147,124,-2.0,0.9000000000000057,0.0,3.1899999999999977,110,110,0.552,0.551,-271,0.006802721088435374,0.008064516129032258,-0.001261795040596884,0.5248128275076548,0.5180101064192194,HOME,👍 Value Bet,AWAY
Oklahoma City Thunder,Indiana Pacers,-455,360,5.1000000000000085,-8.799999999999997,0.0,-0.030000000000001137,110,110,0.559,0.563,-815,0.002197802197802198,0.002777777777777778,-0.0005799755799755801,0.7090148131052653,0.7068170109074631,HOME,👍 Value Bet,HOME
Memphis Grizzlies,Los Angeles Lakers,-135,114,4.1000000000000085,-2.0,0.0,5.449999999999989,110,110,0.555,0.554,-249,0.007407407407407408,0.008771929824561403,-0.0013645224171539953,0.4932346045970917,0.48582719718968426,AWAY,👍 Value Bet,AWAY
