hometeam,awayteam,home_odds,away_odds,off_rating_diff,def_rating_diff,recent_win_diff,pace_diff,home_recent_avg_pts,away_recent_avg_pts,home_EFG_PCT,away_EFG_PCT,odds_diff,implied_home_win_pct,implied_away_win_pct,implied_win_diff,model_win_prob,value_gap,prediction,value_flag,actual_winner
Detroit Pistons,Cleveland Cavaliers,220,-270,2.9000000000000057,-9.899999999999991,0.0,0.07000000000000739,110,110,0.55,0.58,490,0.004545454545454545,0.003703703703703704,0.0008417508417508414,0.34037795662879944,0.3358325020833449,AWAY,👍 Value Bet,HOME
Brooklyn Nets,Los Angeles Clippers,550,-714,3.700000000000003,3.5,0.0,0.9899999999999949,110,110,0.515,0.533,1264,0.0018181818181818182,0.0014005602240896359,0.0004176215940921823,0.1727787603934606,0.17096057857527877,AWAY,👍 Value Bet,AWAY
Toronto Raptors,Charlotte Hornets,-238,200,-5.900000000000006,6.799999999999997,0.0,2.0200000000000102,110,110,0.521,0.504,-438,0.004201680672268907,0.005,-0.0007983193277310927,0.6704042156537374,0.6662025349814685,HOME,👍 Value Bet,HOME
New Orleans Pelicans,Golden State Warriors,575,-833,-0.7999999999999972,5.799999999999997,0.0,0.11999999999999034,110,110,0.522,0.533,1408,0.0017391304347826088,0.0012004801920768306,0.0005386502427057781,0.18216268718242645,0.18042355674764385,AWAY,👍 Value Bet,AWAY
Milwaukee Bucks,New York Knicks,-102,-116,0.5,-5.5,0.0,2.0900000000000034,110,110,0.562,0.558,14,0.00980392156862745,0.008620689655172414,0.0011832319134550372,0.4807734489440918,0.4709695273754643,AWAY,👍 Value Bet,AWAY
Minnesota Timberwolves,Phoenix Suns,-256,215,-1.9000000000000057,-4.6000000000000085,0.0,-0.1599999999999966,110,110,0.551,0.564,-471,0.00390625,0.004651162790697674,-0.0007449127906976744,0.7090148131052653,0.7051085631052653,HOME,👍 Value Bet,HOME
Denver Nuggets,Utah Jazz,-1667,1000,0.5999999999999943,4.8999999999999915,0.0,-0.009999999999990905,110,110,0.573,0.536,-2667,0.0005998800239952009,0.001,-0.0004001199760047991,0.8626764019330343,0.862076521909039,HOME,👍 Value Bet,HOME
