hometeam,awayteam,home_odds,away_odds,home_OFF_RATING,away_OFF_RATING,home_DEF_RATING,away_DEF_RATING,home_EFG_PCT,away_EFG_PCT,home_PACE,away_PACE,home_recent_win_pct,away_recent_win_pct,home_recent_avg_pts,away_recent_avg_pts,off_rating_diff,def_rating_diff,recent_win_diff,pace_diff,odds_diff,implied_home_win_pct,implied_away_win_pct,implied_win_diff
Indiana Pacers,Cleveland Cavaliers,-417,320,115.0,121.6,113.8,111.5,0.563,0.58,100.63,100.3,0.5,0.5,110,110,3.5,-7.799999999999997,0.0,0.3299999999999983,-737,0.002398081534772182,0.003125,-0.0007269184652278181
Detroit Pistons,New York Knicks,-192,160,114.4,117.6,111.7,113.6,0.55,0.558,100.37,97.99,0.5,0.5,110,110,0.8000000000000114,-5.8999999999999915,0.0,2.3800000000000097,-352,0.005208333333333333,0.00625,-0.0010416666666666673
Brooklyn Nets,Atlanta Hawks,575,-833,108.4,112.8,115.1,114.5,0.515,0.541,96.39,103.63,0.5,0.5,110,110,-6.099999999999994,2.299999999999997,0.0,-7.239999999999995,1408,0.0017391304347826088,0.0012004801920768306,0.0005386502427057781
Milwaukee Bucks,New Orleans Pelicans,-1111,725,114.1,110.5,112.1,119.1,0.562,0.522,100.08,99.66,0.5,0.5,110,110,-5.0,1.5999999999999943,0.0,0.4200000000000017,-1836,0.0009000900090009,0.001379310344827586,-0.00047922033582668605
Memphis Grizzlies,Minnesota Timberwolves,-115,-105,117.7,114.8,112.3,110.6,0.555,0.551,103.85,98.28,0.5,0.5,110,110,7.1000000000000085,-2.5,0.0,5.569999999999993,-10,0.008695652173913044,0.009523809523809525,-0.0008281573498964811
