gameId,gameDate,gameType,hometeamId,awayteamId,homeScore,awayScore,season_label,hometeamName,hometeamCity,awayteamName,awayteamCity
0022400061,2024-10-22,Regular Season,1610612738,1610612752,132,109,2024-25,Celtics,Boston,Knicks,New York
0022400062,2024-10-22,Regular Season,1610612747,1610612750,110,103,2024-25,Lakers,Los Angeles,Timberwolves,Minnesota
0022400065,2024-10-23,Regular Season,1610612748,1610612753,97,116,2024-25,Heat,Miami,Magic,Orlando
0022400067,2024-10-23,Regular Season,1610612761,1610612739,106,136,2024-25,Raptors,Toronto,Cavaliers,Cleveland
0022400066,2024-10-23,Regular Season,1610612755,1610612749,109,124,2024-25,76ers,Philadelphia,Bucks,Milwaukee
0022400070,2024-10-23,Regular Season,1610612762,1610612763,124,126,2024-25,Jazz,Utah,Grizzlies,Memphis
0022400064,2024-10-23,Regular Season,1610612737,1610612751,120,116,2024-25,Hawks,Atlanta,Nets,Brooklyn
0022400072,2024-10-23,Regular Season,1610612757,1610612744,104,140,2024-25,Blazers,Portland Trail,Warriors,Golden State
0022400063,2024-10-23,Regular Season,1610612765,1610612754,109,115,2024-25,Pistons,Detroit,Pacers,Indiana
0022400069,2024-10-23,Regular Season,1610612740,1610612741,123,111,2024-25,Pelicans,New Orleans,Bulls,Chicago
0022400068,2024-10-23,Regular Season,1610612745,1610612766,105,110,2024-25,Rockets,Houston,Hornets,Charlotte
0022400071,2024-10-23,Regular Season,1610612746,1610612756,113,116,2024-25,Clippers,LA,Suns,Phoenix
0022400074,2024-10-24,Regular Season,1610612742,1610612759,120,109,2024-25,Mavericks,Dallas,Spurs,San Antonio
0022400076,2024-10-24,Regular Season,1610612758,1610612750,115,117,2024-25,Kings,Sacramento,Timberwolves,Minnesota
0022400073,2024-10-24,Regular Season,1610612764,1610612738,102,122,2024-25,Wizards,Washington,Celtics,Boston
0022400075,2024-10-24,Regular Season,1610612743,1610612760,87,102,2024-25,Nuggets,Denver,Thunder,Oklahoma City
0022400078,2024-10-25,Regular Season,1610612761,1610612755,115,107,2024-25,Raptors,Toronto,76ers,Philadelphia
0022400082,2024-10-25,Regular Season,1610612745,1610612763,128,108,2024-25,Rockets,Houston,Grizzlies,Memphis
0022400085,2024-10-25,Regular Season,1610612747,1610612756,123,116,2024-25,Lakers,Los Angeles,Suns,Phoenix
0022400079,2024-10-25,Regular Season,1610612737,1610612766,125,120,2024-25,Hawks,Atlanta,Hornets,Charlotte
0022400083,2024-10-25,Regular Season,1610612749,1610612741,122,133,2024-25,Bucks,Milwaukee,Bulls,Chicago
0022400077,2024-10-25,Regular Season,1610612753,1610612751,116,101,2024-25,Magic,Orlando,Nets,Brooklyn
0022400081,2024-10-25,Regular Season,1610612752,1610612754,123,98,2024-25,Knicks,New York,Pacers,Indiana
0022400084,2024-10-25,Regular Season,1610612762,1610612744,86,127,2024-25,Jazz,Utah,Warriors,Golden State
0022400086,2024-10-25,Regular Season,1610612757,1610612740,103,105,2024-25,Blazers,Portland Trail,Pelicans,New Orleans
0022400080,2024-10-25,Regular Season,1610612739,1610612765,113,101,2024-25,Cavaliers,Cleveland,Pistons,Detroit
0022400090,2024-10-26,Regular Season,1610612764,1610612739,116,135,2024-25,Wizards,Washington,Cavaliers,Cleveland
0022400089,2024-10-26,Regular Season,1610612765,1610612738,118,124,2024-25,Pistons,Detroit,Celtics,Boston
0022400094,2024-10-26,Regular Season,1610612759,1610612745,109,106,2024-25,Spurs,San Antonio,Rockets,Houston
0022400088,2024-10-26,Regular Season,1610612766,1610612748,106,114,2024-25,Hornets,Charlotte,Heat,Miami
0022400095,2024-10-26,Regular Season,1610612756,1610612742,114,102,2024-25,Suns,Phoenix,Mavericks,Dallas
0022400093,2024-10-26,Regular Season,1610612750,1610612761,112,101,2024-25,Timberwolves,Minnesota,Raptors,Toronto
0022400087,2024-10-26,Regular Season,1610612743,1610612746,104,109,2024-25,Nuggets,Denver,Clippers,LA
0022400092,2024-10-26,Regular Season,1610612763,1610612753,124,111,2024-25,Grizzlies,Memphis,Magic,Orlando
0022400096,2024-10-26,Regular Season,1610612747,1610612758,131,127,2024-25,Lakers,Los Angeles,Kings,Sacramento
0022400091,2024-10-26,Regular Season,1610612741,1610612760,95,114,2024-25,Bulls,Chicago,Thunder,Oklahoma City
0022400100,2024-10-27,Regular Season,1610612760,1610612737,128,104,2024-25,Thunder,Oklahoma City,Hawks,Atlanta
0022400097,2024-10-27,Regular Season,1610612754,1610612755,114,118,2024-25,Pacers,Indiana,76ers,Philadelphia
0022400099,2024-10-27,Regular Season,1610612757,1610612740,125,103,2024-25,Blazers,Portland Trail,Pelicans,New Orleans
0022400098,2024-10-27,Regular Season,1610612751,1610612749,115,102,2024-25,Nets,Brooklyn,Bucks,Milwaukee
0022400101,2024-10-27,Regular Season,1610612744,1610612746,104,112,2024-25,Warriors,Golden State,Clippers,LA
0022400107,2024-10-28,Regular Season,1610612761,1610612743,125,127,2024-25,Raptors,Toronto,Nuggets,Denver
0022400112,2024-10-28,Regular Season,1610612758,1610612757,111,98,2024-25,Kings,Sacramento,Blazers,Portland Trail
0022400109,2024-10-28,Regular Season,1610612759,1610612745,101,106,2024-25,Spurs,San Antonio,Rockets,Houston
0022400103,2024-10-28,Regular Season,1610612737,1610612764,119,121,2024-25,Hawks,Atlanta,Wizards,Washington
0022400110,2024-10-28,Regular Season,1610612742,1610612762,110,102,2024-25,Mavericks,Dallas,Jazz,Utah
0022400111,2024-10-28,Regular Season,1610612756,1610612747,109,105,2024-25,Suns,Phoenix,Lakers,Los Angeles
0022400102,2024-10-28,Regular Season,1610612753,1610612754,119,115,2024-25,Magic,Orlando,Pacers,Indiana
0022400106,2024-10-28,Regular Season,1610612752,1610612739,104,110,2024-25,Knicks,New York,Cavaliers,Cleveland
0022400104,2024-10-28,Regular Season,1610612738,1610612749,119,108,2024-25,Celtics,Boston,Bucks,Milwaukee
0022400105,2024-10-28,Regular Season,1610612748,1610612765,106,98,2024-25,Heat,Miami,Pistons,Detroit
0022400108,2024-10-28,Regular Season,1610612763,1610612741,123,126,2024-25,Grizzlies,Memphis,Bulls,Chicago
0022400114,2024-10-29,Regular Season,1610612750,1610612742,114,120,2024-25,Timberwolves,Minnesota,Mavericks,Dallas
0022400116,2024-10-29,Regular Season,1610612744,1610612740,124,106,2024-25,Warriors,Golden State,Pelicans,New Orleans
0022400113,2024-10-29,Regular Season,1610612751,1610612743,139,144,2024-25,Nets,Brooklyn,Nuggets,Denver
0022400115,2024-10-29,Regular Season,1610612762,1610612758,96,113,2024-25,Jazz,Utah,Kings,Sacramento
0022400117,2024-10-30,Regular Season,1610612766,1610612761,138,133,2024-25,Hornets,Charlotte,Raptors,Toronto
0022400126,2024-10-30,Regular Season,1610612744,1610612740,104,89,2024-25,Warriors,Golden State,Pelicans,New Orleans
0022400120,2024-10-30,Regular Season,1610612755,1610612765,95,105,2024-25,76ers,Philadelphia,Pistons,Detroit
0022400123,2024-10-30,Regular Season,1610612741,1610612753,102,99,2024-25,Bulls,Chicago,Magic,Orlando
0022400127,2024-10-30,Regular Season,1610612746,1610612757,105,106,2024-25,Clippers,LA,Blazers,Portland Trail
0022400119,2024-10-30,Regular Season,1610612754,1610612738,135,132,2024-25,Pacers,Indiana,Celtics,Boston
0022400124,2024-10-30,Regular Season,1610612763,1610612751,106,119,2024-25,Grizzlies,Memphis,Nets,Brooklyn
0022400122,2024-10-30,Regular Season,1610612748,1610612752,107,116,2024-25,Heat,Miami,Knicks,New York
0022400118,2024-10-30,Regular Season,1610612739,1610612747,134,110,2024-25,Cavaliers,Cleveland,Lakers,Los Angeles
0022400125,2024-10-30,Regular Season,1610612760,1610612759,105,93,2024-25,Thunder,Oklahoma City,Spurs,San Antonio
0022400121,2024-10-30,Regular Season,1610612764,1610612737,133,120,2024-25,Wizards,Washington,Hawks,Atlanta
0022400130,2024-10-31,Regular Season,1610612762,1610612759,88,106,2024-25,Jazz,Utah,Spurs,San Antonio
0022400129,2024-10-31,Regular Season,1610612742,1610612745,102,108,2024-25,Mavericks,Dallas,Rockets,Houston
0022400128,2024-10-31,Regular Season,1610612763,1610612749,122,99,2024-25,Grizzlies,Memphis,Bucks,Milwaukee
0022400131,2024-10-31,Regular Season,1610612746,1610612756,119,125,2024-25,Clippers,LA,Suns,Phoenix
0022400133,2024-11-01,Regular Season,1610612739,1610612753,120,109,2024-25,Cavaliers,Cleveland,Magic,Orlando
0022400136,2024-11-01,Regular Season,1610612751,1610612741,120,112,2024-25,Nets,Brooklyn,Bulls,Chicago
0022400135,2024-11-01,Regular Season,1610612737,1610612758,115,123,2024-25,Hawks,Atlanta,Kings,Sacramento
0022400137,2024-11-01,Regular Season,1610612761,1610612747,125,131,2024-25,Raptors,Toronto,Lakers,Los Angeles
0022400134,2024-11-01,Regular Season,1610612765,1610612752,98,128,2024-25,Pistons,Detroit,Knicks,New York
0022400138,2024-11-01,Regular Season,1610612740,1610612754,125,118,2024-25,Pelicans,New Orleans,Pacers,Indiana
0022400139,2024-11-01,Regular Season,1610612750,1610612743,119,116,2024-25,Timberwolves,Minnesota,Nuggets,Denver
0022400132,2024-11-01,Regular Season,1610612766,1610612738,109,124,2024-25,Hornets,Charlotte,Celtics,Boston
0022400140,2024-11-01,Regular Season,1610612757,1610612760,114,137,2024-25,Blazers,Portland Trail,Thunder,Oklahoma City
0022400142,2024-11-02,Regular Season,1610612755,1610612763,107,124,2024-25,76ers,Philadelphia,Grizzlies,Memphis
0022400150,2024-11-02,Regular Season,1610612746,1610612760,92,105,2024-25,Clippers,LA,Thunder,Oklahoma City
0022400141,2024-11-02,Regular Season,1610612766,1610612738,103,113,2024-25,Hornets,Charlotte,Celtics,Boston
0022400145,2024-11-02,Regular Season,1610612749,1610612739,113,114,2024-25,Bucks,Milwaukee,Cavaliers,Cleveland
0022400149,2024-11-02,Regular Season,1610612756,1610612757,103,97,2024-25,Suns,Phoenix,Blazers,Portland Trail
0022400144,2024-11-02,Regular Season,1610612745,1610612744,121,127,2024-25,Rockets,Houston,Warriors,Golden State
0022400148,2024-11-02,Regular Season,1610612743,1610612762,129,103,2024-25,Nuggets,Denver,Jazz,Utah
0022400146,2024-11-02,Regular Season,1610612759,1610612750,113,103,2024-25,Spurs,San Antonio,Timberwolves,Minnesota
0022400143,2024-11-02,Regular Season,1610612761,1610612758,131,128,2024-25,Raptors,Toronto,Kings,Sacramento
0022400153,2024-11-03,Regular Season,1610612742,1610612753,108,85,2024-25,Mavericks,Dallas,Magic,Orlando
0022400152,2024-11-03,Regular Season,1610612740,1610612737,111,126,2024-25,Pelicans,New Orleans,Hawks,Atlanta
0022400151,2024-11-03,Regular Season,1610612751,1610612765,92,106,2024-25,Nets,Brooklyn,Pistons,Detroit
0022400160,2024-11-04,Regular Season,1610612741,1610612762,126,135,2024-25,Bulls,Chicago,Jazz,Utah
0022400156,2024-11-04,Regular Season,1610612765,1610612747,115,103,2024-25,Pistons,Detroit,Lakers,Los Angeles
0022400157,2024-11-04,Regular Season,1610612737,1610612738,93,123,2024-25,Hawks,Atlanta,Celtics,Boston
0022400166,2024-11-04,Regular Season,1610612743,1610612761,121,119,2024-25,Nuggets,Denver,Raptors,Toronto
0022400168,2024-11-04,Regular Season,1610612746,1610612759,113,104,2024-25,Clippers,LA,Spurs,San Antonio
0022400163,2024-11-04,Regular Season,1610612760,1610612753,102,86,2024-25,Thunder,Oklahoma City,Magic,Orlando
0022400162,2024-11-04,Regular Season,1610612750,1610612766,114,93,2024-25,Timberwolves,Minnesota,Hornets,Charlotte
0022400154,2024-11-04,Regular Season,1610612739,1610612749,116,114,2024-25,Cavaliers,Cleveland,Bucks,Milwaukee
0022400167,2024-11-04,Regular Season,1610612756,1610612755,118,116,2024-25,Suns,Phoenix,76ers,Philadelphia
0022400159,2024-11-04,Regular Season,1610612748,1610612758,110,111,2024-25,Heat,Miami,Kings,Sacramento
0022400155,2024-11-04,Regular Season,1610612764,1610612744,112,125,2024-25,Wizards,Washington,Warriors,Golden State
0022400165,2024-11-04,Regular Season,1610612742,1610612754,127,134,2024-25,Mavericks,Dallas,Pacers,Indiana
0022400161,2024-11-04,Regular Season,1610612745,1610612752,109,97,2024-25,Rockets,Houston,Knicks,New York
0022400158,2024-11-04,Regular Season,1610612751,1610612763,106,104,2024-25,Nets,Brooklyn,Grizzlies,Memphis
0022400164,2024-11-04,Regular Season,1610612740,1610612757,100,118,2024-25,Pelicans,New Orleans,Blazers,Portland Trail
0022400176,2024-11-06,Regular Season,1610612742,1610612741,119,99,2024-25,Mavericks,Dallas,Bulls,Chicago
0022400170,2024-11-06,Regular Season,1610612754,1610612753,118,111,2024-25,Pacers,Indiana,Magic,Orlando
0022400175,2024-11-06,Regular Season,1610612740,1610612739,122,131,2024-25,Pelicans,New Orleans,Cavaliers,Cleveland
0022400178,2024-11-06,Regular Season,1610612756,1610612748,115,112,2024-25,Suns,Phoenix,Heat,Miami
0022400177,2024-11-06,Regular Season,1610612743,1610612760,124,122,2024-25,Nuggets,Denver,Thunder,Oklahoma City
0022400169,2024-11-06,Regular Season,1610612766,1610612765,108,107,2024-25,Hornets,Charlotte,Pistons,Detroit
0022400172,2024-11-06,Regular Season,1610612738,1610612744,112,118,2024-25,Celtics,Boston,Warriors,Golden State
0022400173,2024-11-06,Regular Season,1610612745,1610612759,127,100,2024-25,Rockets,Houston,Spurs,San Antonio
0022400171,2024-11-06,Regular Season,1610612737,1610612752,121,116,2024-25,Hawks,Atlanta,Knicks,New York
0022400180,2024-11-06,Regular Season,1610612758,1610612761,122,107,2024-25,Kings,Sacramento,Raptors,Toronto
0022400174,2024-11-06,Regular Season,1610612763,1610612747,131,114,2024-25,Grizzlies,Memphis,Lakers,Los Angeles
0022400179,2024-11-06,Regular Season,1610612746,1610612755,110,98,2024-25,Clippers,LA,76ers,Philadelphia
0022400183,2024-11-07,Regular Season,1610612759,1610612757,118,105,2024-25,Spurs,San Antonio,Blazers,Portland Trail
0022400182,2024-11-07,Regular Season,1610612749,1610612762,123,100,2024-25,Bucks,Milwaukee,Jazz,Utah
0022400181,2024-11-07,Regular Season,1610612741,1610612750,119,135,2024-25,Bulls,Chicago,Timberwolves,Minnesota
0022400186,2024-11-08,Regular Season,1610612753,1610612740,115,88,2024-25,Magic,Orlando,Pelicans,New Orleans
0022400195,2024-11-08,Regular Season,1610612747,1610612755,116,106,2024-25,Lakers,Los Angeles,76ers,Philadelphia
0022400191,2024-11-08,Regular Season,1610612763,1610612764,128,104,2024-25,Grizzlies,Memphis,Wizards,Washington
0022400184,2024-11-08,Regular Season,1610612766,1610612754,103,83,2024-25,Hornets,Charlotte,Pacers,Indiana
0022400185,2024-11-08,Regular Season,1610612765,1610612737,122,121,2024-25,Pistons,Detroit,Hawks,Atlanta
0022400196,2024-11-08,Regular Season,1610612758,1610612746,98,107,2024-25,Kings,Sacramento,Clippers,LA
0022400189,2024-11-08,Regular Season,1610612752,1610612749,116,94,2024-25,Knicks,New York,Bucks,Milwaukee
0022400192,2024-11-08,Regular Season,1610612760,1610612745,126,107,2024-25,Thunder,Oklahoma City,Rockets,Houston
0022400194,2024-11-08,Regular Season,1610612743,1610612748,135,122,2024-25,Nuggets,Denver,Heat,Miami
0022400188,2024-11-08,Regular Season,1610612739,1610612744,136,117,2024-25,Cavaliers,Cleveland,Warriors,Golden State
0022400193,2024-11-08,Regular Season,1610612750,1610612757,127,102,2024-25,Timberwolves,Minnesota,Blazers,Portland Trail
0022400190,2024-11-08,Regular Season,1610612742,1610612756,113,114,2024-25,Mavericks,Dallas,Suns,Phoenix
0022400187,2024-11-08,Regular Season,1610612738,1610612751,108,104,2024-25,Celtics,Boston,Nets,Brooklyn
0022400198,2024-11-09,Regular Season,1610612737,1610612741,113,125,2024-25,Hawks,Atlanta,Bulls,Chicago
0022400200,2024-11-09,Regular Season,1610612746,1610612761,105,103,2024-25,Clippers,LA,Raptors,Toronto
0022400199,2024-11-09,Regular Season,1610612739,1610612751,105,100,2024-25,Cavaliers,Cleveland,Nets,Brooklyn
0022400197,2024-11-09,Regular Season,1610612759,1610612762,110,111,2024-25,Spurs,San Antonio,Jazz,Utah
0022400208,2024-11-10,Regular Season,1610612743,1610612742,122,120,2024-25,Nuggets,Denver,Mavericks,Dallas
0022400205,2024-11-10,Regular Season,1610612755,1610612766,107,105,2024-25,76ers,Philadelphia,Hornets,Charlotte
0022400203,2024-11-10,Regular Season,1610612754,1610612752,132,121,2024-25,Pacers,Indiana,Knicks,New York
0022400211,2024-11-10,Regular Season,1610612747,1610612761,123,103,2024-25,Lakers,Los Angeles,Raptors,Toronto
0022400204,2024-11-10,Regular Season,1610612753,1610612764,121,94,2024-25,Magic,Orlando,Wizards,Washington
0022400210,2024-11-10,Regular Season,1610612757,1610612763,89,134,2024-25,Blazers,Portland Trail,Grizzlies,Memphis
0022400202,2024-11-10,Regular Season,1610612749,1610612738,107,113,2024-25,Bucks,Milwaukee,Celtics,Boston
0022400206,2024-11-10,Regular Season,1610612750,1610612748,94,95,2024-25,Timberwolves,Minnesota,Heat,Miami
0022400201,2024-11-10,Regular Season,1610612765,1610612745,99,101,2024-25,Pistons,Detroit,Rockets,Houston
0022400209,2024-11-10,Regular Season,1610612756,1610612758,118,127,2024-25,Suns,Phoenix,Kings,Sacramento
0022400207,2024-11-10,Regular Season,1610612760,1610612744,116,127,2024-25,Thunder,Oklahoma City,Warriors,Golden State
0022400216,2024-11-11,Regular Season,1610612759,1610612758,116,96,2024-25,Spurs,San Antonio,Kings,Sacramento
0022400215,2024-11-11,Regular Season,1610612760,1610612746,134,128,2024-25,Thunder,Oklahoma City,Clippers,LA
0022400212,2024-11-11,Regular Season,1610612741,1610612739,113,119,2024-25,Bulls,Chicago,Cavaliers,Cleveland
0022400213,2024-11-11,Regular Season,1610612745,1610612764,107,92,2024-25,Rockets,Houston,Wizards,Washington
0022400214,2024-11-11,Regular Season,1610612740,1610612751,105,107,2024-25,Pelicans,New Orleans,Nets,Brooklyn
0022400002,2024-11-12,Regular Season,1610612765,1610612748,123,121,2024-25,Pistons,Detroit,Heat,Miami
0022400007,2024-11-12,Regular Season,1610612744,1610612742,120,117,2024-25,Warriors,Golden State,Mavericks,Dallas
0022400005,2024-11-12,Regular Season,1610612749,1610612761,99,85,2024-25,Bucks,Milwaukee,Raptors,Toronto
0022400006,2024-11-12,Regular Season,1610612762,1610612756,112,120,2024-25,Jazz,Utah,Suns,Phoenix
0022400008,2024-11-12,Regular Season,1610612757,1610612750,122,108,2024-25,Blazers,Portland Trail,Timberwolves,Minnesota
0022400003,2024-11-12,Regular Season,1610612753,1610612766,114,89,2024-25,Magic,Orlando,Hornets,Charlotte
0022400001,2024-11-12,Regular Season,1610612738,1610612737,116,117,2024-25,Celtics,Boston,Hawks,Atlanta
0022400004,2024-11-12,Regular Season,1610612755,1610612752,99,111,2024-25,76ers,Philadelphia,Knicks,New York
0022400223,2024-11-13,Regular Season,1610612749,1610612765,127,120,2024-25,Bucks,Milwaukee,Pistons,Detroit
0022400224,2024-11-13,Regular Season,1610612759,1610612764,139,130,2024-25,Spurs,San Antonio,Wizards,Washington
0022400221,2024-11-13,Regular Season,1610612760,1610612740,106,88,2024-25,Thunder,Oklahoma City,Pelicans,New Orleans
0022400226,2024-11-13,Regular Season,1610612757,1610612750,106,98,2024-25,Blazers,Portland Trail,Timberwolves,Minnesota
0022400219,2024-11-13,Regular Season,1610612752,1610612741,123,124,2024-25,Knicks,New York,Bulls,Chicago
0022400222,2024-11-13,Regular Season,1610612745,1610612746,111,103,2024-25,Rockets,Houston,Clippers,LA
0022400225,2024-11-13,Regular Season,1610612747,1610612763,128,123,2024-25,Lakers,Los Angeles,Grizzlies,Memphis
0022400220,2024-11-13,Regular Season,1610612755,1610612739,106,114,2024-25,76ers,Philadelphia,Cavaliers,Cleveland
0022400217,2024-11-13,Regular Season,1610612753,1610612754,94,90,2024-25,Magic,Orlando,Pacers,Indiana
0022400218,2024-11-13,Regular Season,1610612751,1610612738,114,139,2024-25,Nets,Brooklyn,Celtics,Boston
0022400227,2024-11-13,Regular Season,1610612758,1610612756,127,104,2024-25,Kings,Sacramento,Suns,Phoenix
0022400228,2024-11-14,Regular Season,1610612762,1610612742,115,113,2024-25,Jazz,Utah,Mavericks,Dallas
0022400020,2024-11-15,Regular Season,1610612758,1610612750,126,130,2024-25,Kings,Sacramento,Timberwolves,Minnesota
0022400011,2024-11-15,Regular Season,1610612761,1610612765,95,99,2024-25,Raptors,Toronto,Pistons,Detroit
0022400016,2024-11-15,Regular Season,1610612745,1610612746,125,104,2024-25,Rockets,Houston,Clippers,LA
0022400019,2024-11-15,Regular Season,1610612744,1610612763,123,118,2024-25,Warriors,Golden State,Grizzlies,Memphis
0022400015,2024-11-15,Regular Season,1610612759,1610612747,115,120,2024-25,Spurs,San Antonio,Lakers,Los Angeles
0022400018,2024-11-15,Regular Season,1610612760,1610612756,99,83,2024-25,Thunder,Oklahoma City,Suns,Phoenix
0022400017,2024-11-15,Regular Season,1610612740,1610612743,101,94,2024-25,Pelicans,New Orleans,Nuggets,Denver
0022400013,2024-11-15,Regular Season,1610612739,1610612741,144,126,2024-25,Cavaliers,Cleveland,Bulls,Chicago
0022400009,2024-11-15,Regular Season,1610612754,1610612748,111,124,2024-25,Pacers,Indiana,Heat,Miami
0022400012,2024-11-15,Regular Season,1610612737,1610612764,129,117,2024-25,Hawks,Atlanta,Wizards,Washington
0022400010,2024-11-15,Regular Season,1610612753,1610612755,98,86,2024-25,Magic,Orlando,76ers,Philadelphia
0022400014,2024-11-15,Regular Season,1610612752,1610612751,124,122,2024-25,Knicks,New York,Nets,Brooklyn
0022400229,2024-11-16,Regular Season,1610612766,1610612749,115,114,2024-25,Hornets,Charlotte,Bucks,Milwaukee
0022400233,2024-11-16,Regular Season,1610612758,1610612762,121,117,2024-25,Kings,Sacramento,Jazz,Utah
0022400232,2024-11-16,Regular Season,1610612742,1610612759,110,93,2024-25,Mavericks,Dallas,Spurs,San Antonio
0022400230,2024-11-16,Regular Season,1610612738,1610612761,126,123,2024-25,Celtics,Boston,Raptors,Toronto
0022400231,2024-11-16,Regular Season,1610612740,1610612747,99,104,2024-25,Pelicans,New Orleans,Lakers,Los Angeles
0022400240,2024-11-17,Regular Season,1610612752,1610612751,114,104,2024-25,Knicks,New York,Nets,Brooklyn
0022400243,2024-11-17,Regular Season,1610612746,1610612762,116,105,2024-25,Clippers,LA,Jazz,Utah
0022400239,2024-11-17,Regular Season,1610612757,1610612737,114,110,2024-25,Blazers,Portland Trail,Hawks,Atlanta
0022400236,2024-11-17,Regular Season,1610612739,1610612766,128,114,2024-25,Cavaliers,Cleveland,Hornets,Charlotte
0022400241,2024-11-17,Regular Season,1610612741,1610612745,107,143,2024-25,Bulls,Chicago,Rockets,Houston
0022400238,2024-11-17,Regular Season,1610612763,1610612743,105,90,2024-25,Grizzlies,Memphis,Nuggets,Denver
0022400234,2024-11-17,Regular Season,1610612750,1610612756,120,117,2024-25,Timberwolves,Minnesota,Suns,Phoenix
0022400242,2024-11-17,Regular Season,1610612760,1610612742,119,121,2024-25,Thunder,Oklahoma City,Mavericks,Dallas
0022400237,2024-11-17,Regular Season,1610612764,1610612765,104,124,2024-25,Wizards,Washington,Pistons,Detroit
0022400235,2024-11-17,Regular Season,1610612754,1610612748,119,110,2024-25,Pacers,Indiana,Heat,Miami
0022400246,2024-11-18,Regular Season,1610612752,1610612764,134,106,2024-25,Knicks,New York,Wizards,Washington
0022400245,2024-11-18,Regular Season,1610612748,1610612755,106,89,2024-25,Heat,Miami,76ers,Philadelphia
0022400251,2024-11-18,Regular Season,1610612746,1610612744,102,99,2024-25,Clippers,LA,Warriors,Golden State
0022400248,2024-11-18,Regular Season,1610612749,1610612745,101,100,2024-25,Bucks,Milwaukee,Rockets,Houston
0022400250,2024-11-18,Regular Season,1610612758,1610612737,108,109,2024-25,Kings,Sacramento,Hawks,Atlanta
0022400244,2024-11-18,Regular Season,1610612765,1610612741,112,122,2024-25,Pistons,Detroit,Bulls,Chicago
0022400247,2024-11-18,Regular Season,1610612761,1610612754,130,119,2024-25,Raptors,Toronto,Pacers,Indiana
0022400249,2024-11-18,Regular Season,1610612756,1610612753,99,109,2024-25,Suns,Phoenix,Magic,Orlando
0022400022,2024-11-19,Regular Season,1610612751,1610612766,116,115,2024-25,Nets,Brooklyn,Hornets,Charlotte
0022400021,2024-11-19,Regular Season,1610612738,1610612739,120,117,2024-25,Celtics,Boston,Cavaliers,Cleveland
0022400026,2024-11-19,Regular Season,1610612747,1610612762,124,118,2024-25,Lakers,Los Angeles,Jazz,Utah
0022400025,2024-11-19,Regular Season,1610612759,1610612760,110,104,2024-25,Spurs,San Antonio,Thunder,Oklahoma City
0022400024,2024-11-19,Regular Season,1610612742,1610612740,132,91,2024-25,Mavericks,Dallas,Pelicans,New Orleans
0022400023,2024-11-19,Regular Season,1610612763,1610612743,110,122,2024-25,Grizzlies,Memphis,Nuggets,Denver
0022400254,2024-11-20,Regular Season,1610612745,1610612754,130,113,2024-25,Rockets,Houston,Pacers,Indiana
0022400259,2024-11-20,Regular Season,1610612746,1610612753,104,93,2024-25,Clippers,LA,Magic,Orlando
0022400258,2024-11-20,Regular Season,1610612744,1610612737,120,97,2024-25,Warriors,Golden State,Hawks,Atlanta
0022400255,2024-11-20,Regular Season,1610612763,1610612755,117,111,2024-25,Grizzlies,Memphis,76ers,Philadelphia
0022400253,2024-11-20,Regular Season,1610612749,1610612741,122,106,2024-25,Bucks,Milwaukee,Bulls,Chicago
0022400257,2024-11-20,Regular Season,1610612756,1610612752,122,138,2024-25,Suns,Phoenix,Knicks,New York
0022400256,2024-11-20,Regular Season,1610612760,1610612757,109,99,2024-25,Thunder,Oklahoma City,Blazers,Portland Trail
0022400252,2024-11-20,Regular Season,1610612739,1610612740,128,100,2024-25,Cavaliers,Cleveland,Pelicans,New Orleans
0022400261,2024-11-21,Regular Season,1610612761,1610612750,110,105,2024-25,Raptors,Toronto,Timberwolves,Minnesota
0022400260,2024-11-21,Regular Season,1610612766,1610612765,123,121,2024-25,Hornets,Charlotte,Pistons,Detroit
0022400262,2024-11-21,Regular Season,1610612759,1610612762,126,118,2024-25,Spurs,San Antonio,Jazz,Utah
0022400263,2024-11-21,Regular Season,1610612747,1610612753,118,119,2024-25,Lakers,Los Angeles,Magic,Orlando
0022400028,2024-11-22,Regular Season,1610612764,1610612738,96,108,2024-25,Wizards,Washington,Celtics,Boston
0022400030,2024-11-22,Regular Season,1610612741,1610612737,136,122,2024-25,Bulls,Chicago,Hawks,Atlanta
0022400029,2024-11-22,Regular Season,1610612749,1610612754,129,117,2024-25,Bucks,Milwaukee,Pacers,Indiana
0022400027,2024-11-22,Regular Season,1610612755,1610612751,113,98,2024-25,76ers,Philadelphia,Nets,Brooklyn
0022400032,2024-11-22,Regular Season,1610612740,1610612744,108,112,2024-25,Pelicans,New Orleans,Warriors,Golden State
0022400031,2024-11-22,Regular Season,1610612745,1610612757,116,88,2024-25,Rockets,Houston,Blazers,Portland Trail
0022400033,2024-11-22,Regular Season,1610612743,1610612742,120,123,2024-25,Nuggets,Denver,Mavericks,Dallas
0022400034,2024-11-22,Regular Season,1610612746,1610612758,104,88,2024-25,Clippers,LA,Kings,Sacramento
0022400268,2024-11-23,Regular Season,1610612749,1610612766,125,119,2024-25,Bucks,Milwaukee,Hornets,Charlotte
0022400270,2024-11-23,Regular Season,1610612747,1610612743,102,127,2024-25,Lakers,Los Angeles,Nuggets,Denver
0022400267,2024-11-23,Regular Season,1610612745,1610612757,98,104,2024-25,Rockets,Houston,Blazers,Portland Trail
0022400266,2024-11-23,Regular Season,1610612741,1610612763,131,142,2024-25,Bulls,Chicago,Grizzlies,Memphis
0022400265,2024-11-23,Regular Season,1610612753,1610612765,111,100,2024-25,Magic,Orlando,Pistons,Detroit
0022400264,2024-11-23,Regular Season,1610612762,1610612752,121,106,2024-25,Jazz,Utah,Knicks,New York
0022400269,2024-11-23,Regular Season,1610612759,1610612744,104,94,2024-25,Spurs,San Antonio,Warriors,Golden State
0022400275,2024-11-24,Regular Season,1610612739,1610612761,122,108,2024-25,Cavaliers,Cleveland,Raptors,Toronto
0022400276,2024-11-24,Regular Season,1610612758,1610612751,103,108,2024-25,Kings,Sacramento,Nets,Brooklyn
0022400272,2024-11-24,Regular Season,1610612754,1610612764,115,103,2024-25,Pacers,Indiana,Wizards,Washington
0022400273,2024-11-24,Regular Season,1610612748,1610612742,123,118,2024-25,Heat,Miami,Mavericks,Dallas
0022400274,2024-11-24,Regular Season,1610612755,1610612746,99,125,2024-25,76ers,Philadelphia,Clippers,LA
0022400271,2024-11-24,Regular Season,1610612738,1610612750,107,105,2024-25,Celtics,Boston,Timberwolves,Minnesota
0022400277,2024-11-25,Regular Season,1610612766,1610612753,84,95,2024-25,Hornets,Charlotte,Magic,Orlando
0022400281,2024-11-25,Regular Season,1610612738,1610612746,126,94,2024-25,Celtics,Boston,Clippers,LA
0022400284,2024-11-25,Regular Season,1610612744,1610612751,120,128,2024-25,Warriors,Golden State,Nets,Brooklyn
0022400283,2024-11-25,Regular Season,1610612743,1610612752,118,145,2024-25,Nuggets,Denver,Knicks,New York
0022400280,2024-11-25,Regular Season,1610612737,1610612742,119,129,2024-25,Hawks,Atlanta,Mavericks,Dallas
0022400282,2024-11-25,Regular Season,1610612763,1610612757,123,98,2024-25,Grizzlies,Memphis,Blazers,Portland Trail
0022400279,2024-11-25,Regular Season,1610612754,1610612740,114,110,2024-25,Pacers,Indiana,Pelicans,New Orleans
0022400278,2024-11-25,Regular Season,1610612765,1610612761,102,100,2024-25,Pistons,Detroit,Raptors,Toronto
0022400285,2024-11-25,Regular Season,1610612758,1610612760,109,130,2024-25,Kings,Sacramento,Thunder,Oklahoma City
0022400037,2024-11-26,Regular Season,1610612750,1610612745,111,117,2024-25,Timberwolves,Minnesota,Rockets,Houston
0022400035,2024-11-26,Regular Season,1610612764,1610612741,108,127,2024-25,Wizards,Washington,Bulls,Chicago
0022400036,2024-11-26,Regular Season,1610612748,1610612749,103,106,2024-25,Heat,Miami,Bucks,Milwaukee
0022400039,2024-11-26,Regular Season,1610612756,1610612747,127,100,2024-25,Suns,Phoenix,Lakers,Los Angeles
0022400038,2024-11-26,Regular Season,1610612762,1610612759,115,128,2024-25,Jazz,Utah,Spurs,San Antonio
0022400286,2024-11-27,Regular Season,1610612766,1610612748,94,98,2024-25,Hornets,Charlotte,Heat,Miami
0022400298,2024-11-27,Regular Season,1610612762,1610612743,103,122,2024-25,Jazz,Utah,Nuggets,Denver
0022400294,2024-11-27,Regular Season,1610612750,1610612758,104,115,2024-25,Timberwolves,Minnesota,Kings,Sacramento
0022400287,2024-11-27,Regular Season,1610612739,1610612737,124,135,2024-25,Cavaliers,Cleveland,Hawks,Atlanta
0022400293,2024-11-27,Regular Season,1610612763,1610612765,131,111,2024-25,Grizzlies,Memphis,Pistons,Detroit
0022400292,2024-11-27,Regular Season,1610612742,1610612752,129,114,2024-25,Mavericks,Dallas,Knicks,New York
0022400295,2024-11-27,Regular Season,1610612740,1610612761,93,119,2024-25,Pelicans,New Orleans,Raptors,Toronto
0022400290,2024-11-27,Regular Season,1610612755,1610612745,115,122,2024-25,76ers,Philadelphia,Rockets,Houston
0022400288,2024-11-27,Regular Season,1610612754,1610612757,121,114,2024-25,Pacers,Indiana,Blazers,Portland Trail
0022400297,2024-11-27,Regular Season,1610612756,1610612751,117,127,2024-25,Suns,Phoenix,Nets,Brooklyn
0022400289,2024-11-27,Regular Season,1610612753,1610612741,133,119,2024-25,Magic,Orlando,Bulls,Chicago
0022400291,2024-11-27,Regular Season,1610612764,1610612746,96,121,2024-25,Wizards,Washington,Clippers,LA
0022400299,2024-11-27,Regular Season,1610612744,1610612760,101,105,2024-25,Warriors,Golden State,Thunder,Oklahoma City
0022400296,2024-11-27,Regular Season,1610612759,1610612747,101,119,2024-25,Spurs,San Antonio,Lakers,Los Angeles
0022400047,2024-11-29,Regular Season,1610612741,1610612738,129,138,2024-25,Bulls,Chicago,Celtics,Boston
0022400042,2024-11-29,Regular Season,1610612763,1610612740,120,109,2024-25,Grizzlies,Memphis,Pelicans,New Orleans
0022400048,2024-11-29,Regular Season,1610612747,1610612760,93,101,2024-25,Lakers,Los Angeles,Thunder,Oklahoma City
0022400049,2024-11-29,Regular Season,1610612757,1610612758,115,106,2024-25,Blazers,Portland Trail,Kings,Sacramento
0022400045,2024-11-29,Regular Season,1610612754,1610612765,106,130,2024-25,Pacers,Indiana,Pistons,Detroit
0022400041,2024-11-29,Regular Season,1610612737,1610612739,117,101,2024-25,Hawks,Atlanta,Cavaliers,Cleveland
0022400046,2024-11-29,Regular Season,1610612748,1610612761,121,111,2024-25,Heat,Miami,Raptors,Toronto
0022400043,2024-11-29,Regular Season,1610612751,1610612753,100,123,2024-25,Nets,Brooklyn,Magic,Orlando
0022400040,2024-11-29,Regular Season,1610612766,1610612752,98,99,2024-25,Hornets,Charlotte,Knicks,New York
0022400044,2024-11-29,Regular Season,1610612750,1610612746,93,92,2024-25,Timberwolves,Minnesota,Clippers,LA
0022400300,2024-11-30,Regular Season,1610612766,1610612737,104,107,2024-25,Hornets,Charlotte,Hawks,Atlanta
0022400302,2024-11-30,Regular Season,1610612749,1610612764,124,114,2024-25,Bucks,Milwaukee,Wizards,Washington
0022400303,2024-11-30,Regular Season,1610612756,1610612744,113,105,2024-25,Suns,Phoenix,Warriors,Golden State
0022400304,2024-11-30,Regular Season,1610612762,1610612742,94,106,2024-25,Jazz,Utah,Mavericks,Dallas
0022400301,2024-11-30,Regular Season,1610612765,1610612755,96,111,2024-25,Pistons,Detroit,76ers,Philadelphia
0022400314,2024-12-01,Regular Season,1610612746,1610612743,126,122,2024-25,Clippers,LA,Nuggets,Denver
0022400309,2024-12-01,Regular Season,1610612761,1610612748,119,116,2024-25,Raptors,Toronto,Heat,Miami
0022400313,2024-12-01,Regular Season,1610612758,1610612759,125,127,2024-25,Kings,Sacramento,Spurs,San Antonio
0022400307,2024-12-01,Regular Season,1610612739,1610612738,115,111,2024-25,Cavaliers,Cleveland,Celtics,Boston
0022400306,2024-12-01,Regular Season,1610612763,1610612754,136,121,2024-25,Grizzlies,Memphis,Pacers,Indiana
0022400305,2024-12-01,Regular Season,1610612751,1610612753,92,100,2024-25,Nets,Brooklyn,Magic,Orlando
0022400312,2024-12-01,Regular Season,1610612757,1610612742,131,137,2024-25,Blazers,Portland Trail,Mavericks,Dallas
0022400311,2024-12-01,Regular Season,1610612762,1610612747,104,105,2024-25,Jazz,Utah,Lakers,Los Angeles
0022400308,2024-12-01,Regular Season,1610612752,1610612740,118,85,2024-25,Knicks,New York,Pelicans,New Orleans
0022400310,2024-12-01,Regular Season,1610612745,1610612760,119,116,2024-25,Rockets,Houston,Thunder,Oklahoma City
0022400316,2024-12-02,Regular Season,1610612738,1610612748,108,89,2024-25,Celtics,Boston,Heat,Miami
0022400318,2024-12-02,Regular Season,1610612750,1610612747,109,80,2024-25,Timberwolves,Minnesota,Lakers,Los Angeles
0022400317,2024-12-02,Regular Season,1610612741,1610612751,128,102,2024-25,Bulls,Chicago,Nets,Brooklyn
0022400315,2024-12-02,Regular Season,1610612737,1610612740,124,112,2024-25,Hawks,Atlanta,Pelicans,New Orleans
0022400056,2024-12-03,Regular Season,1610612742,1610612763,121,116,2024-25,Mavericks,Dallas,Grizzlies,Memphis
0022400051,2024-12-03,Regular Season,1610612739,1610612764,118,87,2024-25,Cavaliers,Cleveland,Wizards,Washington
0022400060,2024-12-03,Regular Season,1610612746,1610612757,127,105,2024-25,Clippers,LA,Blazers,Portland Trail
0022400052,2024-12-03,Regular Season,1610612765,1610612749,107,128,2024-25,Pistons,Detroit,Bucks,Milwaukee
0022400054,2024-12-03,Regular Season,1610612761,1610612754,122,111,2024-25,Raptors,Toronto,Pacers,Indiana
0022400058,2024-12-03,Regular Season,1610612743,1610612744,119,115,2024-25,Nuggets,Denver,Warriors,Golden State
0022400055,2024-12-03,Regular Season,1610612760,1610612762,133,106,2024-25,Thunder,Oklahoma City,Jazz,Utah
0022400053,2024-12-03,Regular Season,1610612752,1610612753,121,106,2024-25,Knicks,New York,Magic,Orlando
0022400057,2024-12-03,Regular Season,1610612756,1610612759,104,93,2024-25,Suns,Phoenix,Spurs,San Antonio
0022400050,2024-12-03,Regular Season,1610612766,1610612755,104,110,2024-25,Hornets,Charlotte,76ers,Philadelphia
0022400059,2024-12-03,Regular Season,1610612758,1610612745,120,111,2024-25,Kings,Sacramento,Rockets,Houston
0022400321,2024-12-04,Regular Season,1610612748,1610612747,134,93,2024-25,Heat,Miami,Lakers,Los Angeles
0022400324,2024-12-04,Regular Season,1610612746,1610612750,80,108,2024-25,Clippers,LA,Timberwolves,Minnesota
0022400323,2024-12-04,Regular Season,1610612749,1610612737,104,119,2024-25,Bucks,Milwaukee,Hawks,Atlanta
0022400319,2024-12-04,Regular Season,1610612738,1610612765,130,120,2024-25,Celtics,Boston,Pistons,Detroit
0022400322,2024-12-04,Regular Season,1610612755,1610612753,102,106,2024-25,76ers,Philadelphia,Magic,Orlando
0022400320,2024-12-04,Regular Season,1610612751,1610612754,99,90,2024-25,Nets,Brooklyn,Pacers,Indiana
0022400328,2024-12-05,Regular Season,1610612761,1610612760,92,129,2024-25,Raptors,Toronto,Thunder,Oklahoma City
0022400329,2024-12-05,Regular Season,1610612763,1610612758,115,110,2024-25,Grizzlies,Memphis,Kings,Sacramento
0022400331,2024-12-05,Regular Season,1610612759,1610612741,124,139,2024-25,Spurs,San Antonio,Bulls,Chicago
0022400326,2024-12-05,Regular Season,1610612764,1610612742,101,137,2024-25,Wizards,Washington,Mavericks,Dallas
0022400327,2024-12-05,Regular Season,1610612752,1610612766,125,101,2024-25,Knicks,New York,Hornets,Charlotte
0022400330,2024-12-05,Regular Season,1610612740,1610612756,126,124,2024-25,Pelicans,New Orleans,Suns,Phoenix
0022400332,2024-12-05,Regular Season,1610612744,1610612745,99,93,2024-25,Warriors,Golden State,Rockets,Houston
0022400325,2024-12-05,Regular Season,1610612739,1610612743,126,114,2024-25,Cavaliers,Cleveland,Nuggets,Denver
0022400334,2024-12-06,Regular Season,1610612737,1610612747,134,132,2024-25,Hawks,Atlanta,Lakers,Los Angeles
0022400339,2024-12-06,Regular Season,1610612757,1610612762,99,141,2024-25,Blazers,Portland Trail,Jazz,Utah
0022400338,2024-12-06,Regular Season,1610612744,1610612750,90,107,2024-25,Warriors,Golden State,Timberwolves,Minnesota
0022400336,2024-12-06,Regular Season,1610612741,1610612754,123,132,2024-25,Bulls,Chicago,Pacers,Indiana
0022400333,2024-12-06,Regular Season,1610612755,1610612753,102,94,2024-25,76ers,Philadelphia,Magic,Orlando
0022400335,2024-12-06,Regular Season,1610612738,1610612749,111,105,2024-25,Celtics,Boston,Bucks,Milwaukee
0022400337,2024-12-06,Regular Season,1610612759,1610612758,113,140,2024-25,Spurs,San Antonio,Kings,Sacramento
0022400345,2024-12-07,Regular Season,1610612738,1610612763,121,127,2024-25,Celtics,Boston,Grizzlies,Memphis
0022400341,2024-12-07,Regular Season,1610612764,1610612743,122,113,2024-25,Wizards,Washington,Nuggets,Denver
0022400344,2024-12-07,Regular Season,1610612761,1610612742,118,125,2024-25,Raptors,Toronto,Mavericks,Dallas
0022400346,2024-12-07,Regular Season,1610612748,1610612756,121,111,2024-25,Heat,Miami,Suns,Phoenix
0022400342,2024-12-07,Regular Season,1610612740,1610612760,109,119,2024-25,Pelicans,New Orleans,Thunder,Oklahoma City
0022400340,2024-12-07,Regular Season,1610612766,1610612739,102,116,2024-25,Hornets,Charlotte,Cavaliers,Cleveland
0022400343,2024-12-07,Regular Season,1610612752,1610612765,111,120,2024-25,Knicks,New York,Pistons,Detroit
0022400350,2024-12-08,Regular Season,1610612737,1610612743,111,141,2024-25,Hawks,Atlanta,Nuggets,Denver
0022400356,2024-12-08,Regular Season,1610612746,1610612745,106,117,2024-25,Clippers,LA,Rockets,Houston
0022400348,2024-12-08,Regular Season,1610612751,1610612749,113,118,2024-25,Nets,Brooklyn,Bucks,Milwaukee
0022400347,2024-12-08,Regular Season,1610612741,1610612755,100,108,2024-25,Bulls,Chicago,76ers,Philadelphia
0022400353,2024-12-08,Regular Season,1610612764,1610612763,112,140,2024-25,Wizards,Washington,Grizzlies,Memphis
0022400358,2024-12-08,Regular Season,1610612747,1610612757,107,98,2024-25,Lakers,Los Angeles,Blazers,Portland Trail
0022400352,2024-12-08,Regular Season,1610612753,1610612756,115,110,2024-25,Magic,Orlando,Suns,Phoenix
0022400349,2024-12-08,Regular Season,1610612754,1610612766,109,113,2024-25,Pacers,Indiana,Hornets,Charlotte
0022400351,2024-12-08,Regular Season,1610612748,1610612739,122,113,2024-25,Heat,Miami,Cavaliers,Cleveland
0022400354,2024-12-08,Regular Season,1610612759,1610612740,121,116,2024-25,Spurs,San Antonio,Pelicans,New Orleans
0022400355,2024-12-08,Regular Season,1610612744,1610612750,114,106,2024-25,Warriors,Golden State,Timberwolves,Minnesota
0022400357,2024-12-08,Regular Season,1610612758,1610612762,141,97,2024-25,Kings,Sacramento,Jazz,Utah
0022400359,2024-12-09,Regular Season,1610612761,1610612752,108,113,2024-25,Raptors,Toronto,Knicks,New York
0022401201,2024-12-10,Regular Season,1610612749,1610612753,114,109,2024-25,Bucks,Milwaukee,Magic,Orlando
0022401203,2024-12-10,Regular Season,1610612760,1610612742,118,104,2024-25,Thunder,Oklahoma City,Mavericks,Dallas
0022401202,2024-12-11,Regular Season,1610612752,1610612737,100,108,2024-25,Knicks,New York,Hawks,Atlanta
0022401204,2024-12-11,Regular Season,1610612745,1610612744,91,90,2024-25,Rockets,Houston,Warriors,Golden State
0022401206,2024-12-12,Regular Season,1610612748,1610612761,114,104,2024-25,Heat,Miami,Raptors,Toronto
0022401205,2024-12-12,Regular Season,1610612738,1610612765,123,99,2024-25,Celtics,Boston,Pistons,Detroit
0022401207,2024-12-12,Regular Season,1610612740,1610612758,109,111,2024-25,Pelicans,New Orleans,Kings,Sacramento
0022401208,2024-12-13,Regular Season,1610612739,1610612764,115,105,2024-25,Cavaliers,Cleveland,Wizards,Washington
0022401210,2024-12-13,Regular Season,1610612750,1610612747,97,87,2024-25,Timberwolves,Minnesota,Lakers,Los Angeles
0022401214,2024-12-13,Regular Season,1610612762,1610612756,126,134,2024-25,Jazz,Utah,Suns,Phoenix
0022401215,2024-12-13,Regular Season,1610612757,1610612759,116,118,2024-25,Blazers,Portland Trail,Spurs,San Antonio
0022401213,2024-12-13,Regular Season,1610612743,1610612746,120,98,2024-25,Nuggets,Denver,Clippers,LA
0022401209,2024-12-13,Regular Season,1610612755,1610612754,107,121,2024-25,76ers,Philadelphia,Pacers,Indiana
0022401212,2024-12-13,Regular Season,1610612741,1610612766,109,95,2024-25,Bulls,Chicago,Hornets,Charlotte
0022401211,2024-12-13,Regular Season,1610612763,1610612751,135,119,2024-25,Grizzlies,Memphis,Nets,Brooklyn
0022401218,2024-12-15,Regular Season,1610612759,1610612750,92,106,2024-25,Spurs,San Antonio,Timberwolves,Minnesota
0022401219,2024-12-15,Regular Season,1610612756,1610612757,116,109,2024-25,Suns,Phoenix,Blazers,Portland Trail
0022401220,2024-12-15,Regular Season,1610612747,1610612763,116,110,2024-25,Lakers,Los Angeles,Grizzlies,Memphis
0022401217,2024-12-15,Regular Season,1610612764,1610612738,98,112,2024-25,Wizards,Washington,Celtics,Boston
0022401227,2024-12-15,Regular Season,1610612753,1610612752,91,100,2024-25,Magic,Orlando,Knicks,New York
0022401216,2024-12-15,Regular Season,1610612754,1610612740,119,104,2024-25,Pacers,Indiana,Pelicans,New Orleans
0022401228,2024-12-15,Regular Season,1610612744,1610612742,133,143,2024-25,Warriors,Golden State,Mavericks,Dallas
0022401225,2024-12-16,Regular Season,1610612758,1610612743,129,130,2024-25,Kings,Sacramento,Nuggets,Denver
0022401223,2024-12-16,Regular Season,1610612761,1610612741,121,122,2024-25,Raptors,Toronto,Bulls,Chicago
0022401226,2024-12-16,Regular Season,1610612746,1610612762,144,107,2024-25,Clippers,LA,Jazz,Utah
0022401222,2024-12-16,Regular Season,1610612766,1610612755,108,121,2024-25,Hornets,Charlotte,76ers,Philadelphia
0022401224,2024-12-16,Regular Season,1610612751,1610612739,101,130,2024-25,Nets,Brooklyn,Cavaliers,Cleveland
0022401221,2024-12-16,Regular Season,1610612765,1610612748,125,124,2024-25,Pistons,Detroit,Heat,Miami
0022400370,2024-12-19,Regular Season,1610612759,1610612737,133,126,2024-25,Spurs,San Antonio,Hawks,Atlanta
0022400363,2024-12-19,Regular Season,1610612738,1610612741,108,117,2024-25,Celtics,Boston,Bulls,Chicago
0022400366,2024-12-19,Regular Season,1610612763,1610612744,144,93,2024-25,Grizzlies,Memphis,Warriors,Golden State
0022400369,2024-12-19,Regular Season,1610612756,1610612754,111,120,2024-25,Suns,Phoenix,Pacers,Indiana
0022400372,2024-12-19,Regular Season,1610612758,1610612747,100,113,2024-25,Kings,Sacramento,Lakers,Los Angeles
0022400361,2024-12-19,Regular Season,1610612753,1610612760,99,105,2024-25,Magic,Orlando,Thunder,Oklahoma City
0022400360,2024-12-19,Regular Season,1610612765,1610612762,119,126,2024-25,Pistons,Detroit,Jazz,Utah
0022400368,2024-12-19,Regular Season,1610612742,1610612746,95,118,2024-25,Mavericks,Dallas,Clippers,LA
0022400365,2024-12-19,Regular Season,1610612745,1610612740,133,113,2024-25,Rockets,Houston,Pelicans,New Orleans
0022400371,2024-12-19,Regular Season,1610612757,1610612743,126,124,2024-25,Blazers,Portland Trail,Nuggets,Denver
0022400362,2024-12-19,Regular Season,1610612764,1610612766,123,114,2024-25,Wizards,Washington,Hornets,Charlotte
0022400367,2024-12-19,Regular Season,1610612750,1610612752,107,133,2024-25,Timberwolves,Minnesota,Knicks,New York
0022400364,2024-12-19,Regular Season,1610612761,1610612751,94,101,2024-25,Raptors,Toronto,Nets,Brooklyn
0022400374,2024-12-20,Regular Season,1610612739,1610612749,124,101,2024-25,Cavaliers,Cleveland,Bucks,Milwaukee
0022400373,2024-12-20,Regular Season,1610612755,1610612766,108,98,2024-25,76ers,Philadelphia,Hornets,Charlotte
0022400375,2024-12-20,Regular Season,1610612748,1610612760,97,104,2024-25,Heat,Miami,Thunder,Oklahoma City
0022400380,2024-12-21,Regular Season,1610612739,1610612755,126,99,2024-25,Cavaliers,Cleveland,76ers,Philadelphia
0022400379,2024-12-21,Regular Season,1610612751,1610612762,94,105,2024-25,Nets,Brooklyn,Jazz,Utah
0022400383,2024-12-21,Regular Season,1610612750,1610612744,103,113,2024-25,Timberwolves,Minnesota,Warriors,Golden State
0022400385,2024-12-21,Regular Season,1610612742,1610612746,113,97,2024-25,Mavericks,Dallas,Clippers,LA
0022400382,2024-12-21,Regular Season,1610612749,1610612764,112,101,2024-25,Bucks,Milwaukee,Wizards,Washington
0022400387,2024-12-21,Regular Season,1610612756,1610612765,125,133,2024-25,Suns,Phoenix,Pistons,Detroit
0022400378,2024-12-21,Regular Season,1610612737,1610612763,112,128,2024-25,Hawks,Atlanta,Grizzlies,Memphis
0022400381,2024-12-21,Regular Season,1610612741,1610612738,98,123,2024-25,Bulls,Chicago,Celtics,Boston
0022400386,2024-12-21,Regular Season,1610612759,1610612757,114,94,2024-25,Spurs,San Antonio,Blazers,Portland Trail
0022400377,2024-12-21,Regular Season,1610612753,1610612748,121,114,2024-25,Magic,Orlando,Heat,Miami
0022400376,2024-12-21,Regular Season,1610612758,1610612747,99,103,2024-25,Kings,Sacramento,Lakers,Los Angeles
0022400384,2024-12-21,Regular Season,1610612740,1610612752,93,104,2024-25,Pelicans,New Orleans,Knicks,New York
0022400388,2024-12-22,Regular Season,1610612761,1610612745,110,114,2024-25,Raptors,Toronto,Rockets,Houston
0022400389,2024-12-22,Regular Season,1610612758,1610612754,95,122,2024-25,Kings,Sacramento,Pacers,Indiana
0022400390,2024-12-22,Regular Season,1610612740,1610612743,129,132,2024-25,Pelicans,New Orleans,Nuggets,Denver
0022400400,2024-12-23,Regular Season,1610612760,1610612764,123,105,2024-25,Thunder,Oklahoma City,Wizards,Washington
0022400394,2024-12-23,Regular Season,1610612755,1610612759,111,106,2024-25,76ers,Philadelphia,Spurs,San Antonio
0022400404,2024-12-23,Regular Season,1610612747,1610612765,114,117,2024-25,Lakers,Los Angeles,Pistons,Detroit
0022400392,2024-12-23,Regular Season,1610612739,1610612762,124,113,2024-25,Cavaliers,Cleveland,Jazz,Utah
0022400396,2024-12-23,Regular Season,1610612748,1610612751,110,95,2024-25,Heat,Miami,Nets,Brooklyn
0022400398,2024-12-23,Regular Season,1610612741,1610612749,91,112,2024-25,Bulls,Chicago,Bucks,Milwaukee
0022400391,2024-12-23,Regular Season,1610612766,1610612745,101,114,2024-25,Hornets,Charlotte,Rockets,Houston
0022400402,2024-12-23,Regular Season,1610612743,1610612756,117,90,2024-25,Nuggets,Denver,Suns,Phoenix
0022400401,2024-12-23,Regular Season,1610612742,1610612757,132,108,2024-25,Mavericks,Dallas,Blazers,Portland Trail
0022400397,2024-12-23,Regular Season,1610612752,1610612761,139,125,2024-25,Knicks,New York,Raptors,Toronto
0022400393,2024-12-23,Regular Season,1610612753,1610612738,108,104,2024-25,Magic,Orlando,Celtics,Boston
0022400403,2024-12-23,Regular Season,1610612744,1610612754,105,111,2024-25,Warriors,Golden State,Pacers,Indiana
0022400399,2024-12-23,Regular Season,1610612763,1610612746,110,114,2024-25,Grizzlies,Memphis,Clippers,LA
0022400395,2024-12-23,Regular Season,1610612737,1610612750,117,104,2024-25,Hawks,Atlanta,Timberwolves,Minnesota
0022400407,2024-12-25,Regular Season,1610612738,1610612755,114,118,2024-25,Celtics,Boston,76ers,Philadelphia
0022400409,2024-12-25,Regular Season,1610612756,1610612743,110,100,2024-25,Suns,Phoenix,Nuggets,Denver
0022400405,2024-12-25,Regular Season,1610612752,1610612759,117,114,2024-25,Knicks,New York,Spurs,San Antonio
0022400406,2024-12-25,Regular Season,1610612742,1610612750,99,105,2024-25,Mavericks,Dallas,Timberwolves,Minnesota
0022400408,2024-12-25,Regular Season,1610612744,1610612747,113,115,2024-25,Warriors,Golden State,Lakers,Los Angeles
0022400417,2024-12-26,Regular Season,1610612757,1610612762,122,120,2024-25,Blazers,Portland Trail,Jazz,Utah
0022400415,2024-12-26,Regular Season,1610612749,1610612751,105,111,2024-25,Bucks,Milwaukee,Nets,Brooklyn
0022400411,2024-12-26,Regular Season,1610612753,1610612748,88,89,2024-25,Magic,Orlando,Heat,Miami
0022400413,2024-12-26,Regular Season,1610612737,1610612741,141,133,2024-25,Hawks,Atlanta,Bulls,Chicago
0022400416,2024-12-26,Regular Season,1610612740,1610612745,111,128,2024-25,Pelicans,New Orleans,Rockets,Houston
0022400410,2024-12-26,Regular Season,1610612754,1610612760,114,120,2024-25,Pacers,Indiana,Thunder,Oklahoma City
0022400412,2024-12-26,Regular Season,1610612764,1610612766,113,110,2024-25,Wizards,Washington,Hornets,Charlotte
0022400414,2024-12-26,Regular Season,1610612763,1610612761,155,126,2024-25,Grizzlies,Memphis,Raptors,Toronto
0022400418,2024-12-26,Regular Season,1610612758,1610612765,113,114,2024-25,Kings,Sacramento,Pistons,Detroit
0022400419,2024-12-27,Regular Season,1610612753,1610612752,85,108,2024-25,Magic,Orlando,Knicks,New York
0022400422,2024-12-27,Regular Season,1610612745,1610612750,112,113,2024-25,Rockets,Houston,Timberwolves,Minnesota
0022400421,2024-12-27,Regular Season,1610612751,1610612759,87,96,2024-25,Nets,Brooklyn,Spurs,San Antonio
0022400420,2024-12-27,Regular Season,1610612738,1610612754,142,105,2024-25,Celtics,Boston,Pacers,Indiana
0022400424,2024-12-27,Regular Season,1610612743,1610612739,135,149,2024-25,Nuggets,Denver,Cavaliers,Cleveland
0022400423,2024-12-27,Regular Season,1610612740,1610612763,124,132,2024-25,Pelicans,New Orleans,Grizzlies,Memphis
0022400426,2024-12-27,Regular Season,1610612746,1610612744,102,92,2024-25,Clippers,LA,Warriors,Golden State
0022400425,2024-12-27,Regular Season,1610612756,1610612742,89,98,2024-25,Suns,Phoenix,Mavericks,Dallas
0022400429,2024-12-28,Regular Season,1610612764,1610612752,132,136,2024-25,Wizards,Washington,Knicks,New York
0022400431,2024-12-28,Regular Season,1610612744,1610612756,109,105,2024-25,Warriors,Golden State,Suns,Phoenix
0022400433,2024-12-28,Regular Season,1610612762,1610612755,111,114,2024-25,Jazz,Utah,76ers,Philadelphia
0022400435,2024-12-28,Regular Season,1610612747,1610612758,132,122,2024-25,Lakers,Los Angeles,Kings,Sacramento
0022400432,2024-12-28,Regular Season,1610612743,1610612765,134,121,2024-25,Nuggets,Denver,Pistons,Detroit
0022400427,2024-12-28,Regular Season,1610612737,1610612748,120,110,2024-25,Hawks,Atlanta,Heat,Miami
0022400428,2024-12-28,Regular Season,1610612766,1610612760,94,106,2024-25,Hornets,Charlotte,Thunder,Oklahoma City
0022400430,2024-12-28,Regular Season,1610612741,1610612749,116,111,2024-25,Bulls,Chicago,Bucks,Milwaukee
0022400434,2024-12-28,Regular Season,1610612757,1610612742,126,122,2024-25,Blazers,Portland Trail,Mavericks,Dallas
0022400438,2024-12-29,Regular Season,1610612761,1610612737,107,136,2024-25,Raptors,Toronto,Hawks,Atlanta
0022400440,2024-12-29,Regular Season,1610612760,1610612763,130,106,2024-25,Thunder,Oklahoma City,Grizzlies,Memphis
0022400437,2024-12-29,Regular Season,1610612738,1610612754,114,123,2024-25,Celtics,Boston,Pacers,Indiana
0022400439,2024-12-29,Regular Season,1610612745,1610612748,100,104,2024-25,Rockets,Houston,Heat,Miami
0022400436,2024-12-29,Regular Season,1610612753,1610612751,102,101,2024-25,Magic,Orlando,Nets,Brooklyn
0022400441,2024-12-29,Regular Season,1610612750,1610612759,112,110,2024-25,Timberwolves,Minnesota,Spurs,San Antonio
0022400447,2024-12-30,Regular Season,1610612757,1610612755,103,125,2024-25,Blazers,Portland Trail,76ers,Philadelphia
0022400445,2024-12-30,Regular Season,1610612762,1610612743,121,132,2024-25,Jazz,Utah,Nuggets,Denver
0022400444,2024-12-30,Regular Season,1610612740,1610612746,113,116,2024-25,Pelicans,New Orleans,Clippers,LA
0022400443,2024-12-30,Regular Season,1610612764,1610612752,106,126,2024-25,Wizards,Washington,Knicks,New York
0022400448,2024-12-30,Regular Season,1610612758,1610612742,110,100,2024-25,Kings,Sacramento,Mavericks,Dallas
0022400446,2024-12-30,Regular Season,1610612744,1610612739,95,113,2024-25,Warriors,Golden State,Cavaliers,Cleveland
0022400442,2024-12-30,Regular Season,1610612766,1610612741,108,115,2024-25,Hornets,Charlotte,Bulls,Chicago
0022400451,2024-12-31,Regular Season,1610612759,1610612746,122,86,2024-25,Spurs,San Antonio,Clippers,LA
0022400449,2024-12-31,Regular Season,1610612738,1610612761,125,71,2024-25,Celtics,Boston,Raptors,Toronto
0022400454,2024-12-31,Regular Season,1610612747,1610612739,110,122,2024-25,Lakers,Los Angeles,Cavaliers,Cleveland
0022400452,2024-12-31,Regular Season,1610612760,1610612750,113,105,2024-25,Thunder,Oklahoma City,Timberwolves,Minnesota
0022400450,2024-12-31,Regular Season,1610612754,1610612749,112,120,2024-25,Pacers,Indiana,Bucks,Milwaukee
0022400453,2024-12-31,Regular Season,1610612756,1610612763,112,117,2024-25,Suns,Phoenix,Grizzlies,Memphis
0022400461,2025-01-01,Regular Season,1610612743,1610612737,139,120,2024-25,Nuggets,Denver,Hawks,Atlanta
0022400459,2025-01-01,Regular Season,1610612761,1610612751,130,113,2024-25,Raptors,Toronto,Nets,Brooklyn
0022400457,2025-01-01,Regular Season,1610612748,1610612740,119,108,2024-25,Heat,Miami,Pelicans,New Orleans
0022400458,2025-01-01,Regular Season,1610612752,1610612762,119,103,2024-25,Knicks,New York,Jazz,Utah
0022400455,2025-01-01,Regular Season,1610612765,1610612753,105,96,2024-25,Pistons,Detroit,Magic,Orlando
0022400460,2025-01-01,Regular Season,1610612745,1610612742,110,99,2024-25,Rockets,Houston,Mavericks,Dallas
0022400456,2025-01-01,Regular Season,1610612764,1610612741,125,107,2024-25,Wizards,Washington,Bulls,Chicago
0022400462,2025-01-01,Regular Season,1610612758,1610612755,113,107,2024-25,Kings,Sacramento,76ers,Philadelphia
0022400463,2025-01-02,Regular Season,1610612748,1610612754,115,128,2024-25,Heat,Miami,Pacers,Indiana
0022400467,2025-01-02,Regular Season,1610612744,1610612755,139,105,2024-25,Warriors,Golden State,76ers,Philadelphia
0022400468,2025-01-02,Regular Season,1610612747,1610612757,114,106,2024-25,Lakers,Los Angeles,Blazers,Portland Trail
0022400466,2025-01-02,Regular Season,1610612760,1610612746,116,98,2024-25,Thunder,Oklahoma City,Clippers,LA
0022400464,2025-01-02,Regular Season,1610612750,1610612738,115,118,2024-25,Timberwolves,Minnesota,Celtics,Boston
0022400465,2025-01-02,Regular Season,1610612749,1610612751,110,113,2024-25,Bucks,Milwaukee,Nets,Brooklyn
0022400471,2025-01-03,Regular Season,1610612745,1610612738,86,109,2024-25,Rockets,Houston,Celtics,Boston
0022400477,2025-01-03,Regular Season,1610612747,1610612737,119,102,2024-25,Lakers,Los Angeles,Hawks,Atlanta
0022400472,2025-01-03,Regular Season,1610612740,1610612764,132,120,2024-25,Pelicans,New Orleans,Wizards,Washington
0022400473,2025-01-03,Regular Season,1610612760,1610612752,117,107,2024-25,Thunder,Oklahoma City,Knicks,New York
0022400470,2025-01-03,Regular Season,1610612761,1610612753,97,106,2024-25,Raptors,Toronto,Magic,Orlando
0022400475,2025-01-03,Regular Season,1610612743,1610612759,110,113,2024-25,Nuggets,Denver,Spurs,San Antonio
0022400474,2025-01-03,Regular Season,1610612742,1610612739,122,134,2024-25,Mavericks,Dallas,Cavaliers,Cleveland
0022400469,2025-01-03,Regular Season,1610612765,1610612766,98,94,2024-25,Pistons,Detroit,Hornets,Charlotte
0022400476,2025-01-03,Regular Season,1610612758,1610612763,138,133,2024-25,Kings,Sacramento,Grizzlies,Memphis
0022400484,2025-01-04,Regular Season,1610612759,1610612743,111,122,2024-25,Spurs,San Antonio,Nuggets,Denver
0022400479,2025-01-04,Regular Season,1610612765,1610612750,119,105,2024-25,Pistons,Detroit,Timberwolves,Minnesota
0022400480,2025-01-04,Regular Season,1610612754,1610612756,126,108,2024-25,Pacers,Indiana,Suns,Phoenix
0022400478,2025-01-04,Regular Season,1610612751,1610612755,94,123,2024-25,Nets,Brooklyn,76ers,Philadelphia
0022400485,2025-01-04,Regular Season,1610612744,1610612763,121,113,2024-25,Warriors,Golden State,Grizzlies,Memphis
0022400481,2025-01-04,Regular Season,1610612748,1610612762,100,136,2024-25,Heat,Miami,Jazz,Utah
0022400483,2025-01-04,Regular Season,1610612749,1610612757,102,105,2024-25,Bucks,Milwaukee,Blazers,Portland Trail
0022400486,2025-01-04,Regular Season,1610612746,1610612737,131,105,2024-25,Clippers,LA,Hawks,Atlanta
0022400482,2025-01-04,Regular Season,1610612741,1610612752,139,126,2024-25,Bulls,Chicago,Knicks,New York
0022400487,2025-01-05,Regular Season,1610612760,1610612738,105,92,2024-25,Thunder,Oklahoma City,Celtics,Boston
0022400490,2025-01-05,Regular Season,1610612753,1610612762,92,105,2024-25,Magic,Orlando,Jazz,Utah
0022400488,2025-01-05,Regular Season,1610612739,1610612766,115,105,2024-25,Cavaliers,Cleveland,Hornets,Charlotte
0022400492,2025-01-05,Regular Season,1610612744,1610612758,99,129,2024-25,Warriors,Golden State,Kings,Sacramento
0022400489,2025-01-05,Regular Season,1610612764,1610612740,98,110,2024-25,Wizards,Washington,Pelicans,New Orleans
0022400491,2025-01-05,Regular Season,1610612745,1610612747,119,115,2024-25,Rockets,Houston,Lakers,Los Angeles
0022400497,2025-01-06,Regular Season,1610612761,1610612749,104,128,2024-25,Raptors,Toronto,Bucks,Milwaukee
0022400499,2025-01-06,Regular Season,1610612763,1610612742,119,104,2024-25,Grizzlies,Memphis,Mavericks,Dallas
0022400500,2025-01-06,Regular Season,1610612750,1610612746,108,106,2024-25,Timberwolves,Minnesota,Clippers,LA
0022400495,2025-01-06,Regular Season,1610612751,1610612754,99,113,2024-25,Nets,Brooklyn,Pacers,Indiana
0022400496,2025-01-06,Regular Season,1610612752,1610612753,94,103,2024-25,Knicks,New York,Magic,Orlando
0022400493,2025-01-06,Regular Season,1610612765,1610612757,118,115,2024-25,Pistons,Detroit,Blazers,Portland Trail
0022400501,2025-01-06,Regular Season,1610612758,1610612748,123,118,2024-25,Kings,Sacramento,Heat,Miami
0022400498,2025-01-06,Regular Season,1610612741,1610612759,114,110,2024-25,Bulls,Chicago,Spurs,San Antonio
0022400494,2025-01-06,Regular Season,1610612755,1610612756,99,109,2024-25,76ers,Philadelphia,Suns,Phoenix
0022400503,2025-01-07,Regular Season,1610612764,1610612745,112,135,2024-25,Wizards,Washington,Rockets,Houston
0022400505,2025-01-07,Regular Season,1610612740,1610612750,97,104,2024-25,Pelicans,New Orleans,Timberwolves,Minnesota
0022400504,2025-01-07,Regular Season,1610612742,1610612747,118,97,2024-25,Mavericks,Dallas,Lakers,Los Angeles
0022400507,2025-01-07,Regular Season,1610612743,1610612738,106,118,2024-25,Nuggets,Denver,Celtics,Boston
0022400502,2025-01-07,Regular Season,1610612766,1610612756,115,104,2024-25,Hornets,Charlotte,Suns,Phoenix
0022400506,2025-01-07,Regular Season,1610612762,1610612737,121,124,2024-25,Jazz,Utah,Hawks,Atlanta
0022400508,2025-01-07,Regular Season,1610612744,1610612748,98,114,2024-25,Warriors,Golden State,Heat,Miami
0022400512,2025-01-08,Regular Season,1610612755,1610612764,109,103,2024-25,76ers,Philadelphia,Wizards,Washington
0022400509,2025-01-08,Regular Season,1610612739,1610612760,129,122,2024-25,Cavaliers,Cleveland,Thunder,Oklahoma City
0022400516,2025-01-08,Regular Season,1610612749,1610612759,121,105,2024-25,Bucks,Milwaukee,Spurs,San Antonio
0022400514,2025-01-08,Regular Season,1610612740,1610612757,100,119,2024-25,Pelicans,New Orleans,Blazers,Portland Trail
0022400510,2025-01-08,Regular Season,1610612754,1610612741,129,113,2024-25,Pacers,Indiana,Bulls,Chicago
0022400511,2025-01-08,Regular Season,1610612752,1610612761,112,98,2024-25,Knicks,New York,Raptors,Toronto
0022400513,2025-01-08,Regular Season,1610612751,1610612765,98,113,2024-25,Nets,Brooklyn,Pistons,Detroit
0022400515,2025-01-08,Regular Season,1610612743,1610612746,126,103,2024-25,Nuggets,Denver,Clippers,LA
0022400521,2025-01-09,Regular Season,1610612742,1610612757,117,111,2024-25,Mavericks,Dallas,Blazers,Portland Trail
0022400523,2025-01-09,Regular Season,1610612762,1610612748,92,97,2024-25,Jazz,Utah,Heat,Miami
0022400520,2025-01-09,Regular Season,1610612763,1610612745,115,119,2024-25,Grizzlies,Memphis,Rockets,Houston
0022400522,2025-01-09,Regular Season,1610612756,1610612737,123,115,2024-25,Suns,Phoenix,Hawks,Atlanta
0022400517,2025-01-09,Regular Season,1610612739,1610612761,132,126,2024-25,Cavaliers,Cleveland,Raptors,Toronto
0022400519,2025-01-09,Regular Season,1610612753,1610612750,89,104,2024-25,Magic,Orlando,Timberwolves,Minnesota
0022400518,2025-01-09,Regular Season,1610612765,1610612744,104,107,2024-25,Pistons,Detroit,Warriors,Golden State
0022400529,2025-01-10,Regular Season,1610612752,1610612760,101,126,2024-25,Knicks,New York,Thunder,Oklahoma City
0022400528,2025-01-10,Regular Season,1610612738,1610612758,97,114,2024-25,Celtics,Boston,Kings,Sacramento
0022400530,2025-01-10,Regular Season,1610612741,1610612764,138,105,2024-25,Bulls,Chicago,Wizards,Washington
0022400526,2025-01-10,Regular Season,1610612753,1610612749,106,109,2024-25,Magic,Orlando,Bucks,Milwaukee
0022400531,2025-01-10,Regular Season,1610612743,1610612751,124,105,2024-25,Nuggets,Denver,Nets,Brooklyn
0022400527,2025-01-10,Regular Season,1610612755,1610612740,115,123,2024-25,76ers,Philadelphia,Pelicans,New Orleans
0022400525,2025-01-10,Regular Season,1610612754,1610612744,108,96,2024-25,Pacers,Indiana,Warriors,Golden State
0022400534,2025-01-11,Regular Season,1610612765,1610612761,123,114,2024-25,Pistons,Detroit,Raptors,Toronto
0022400533,2025-01-11,Regular Season,1610612756,1610612762,114,106,2024-25,Suns,Phoenix,Jazz,Utah
0022400535,2025-01-11,Regular Season,1610612750,1610612763,125,127,2024-25,Timberwolves,Minnesota,Grizzlies,Memphis
0022400536,2025-01-11,Regular Season,1610612757,1610612748,98,119,2024-25,Blazers,Portland Trail,Heat,Miami
0022400539,2025-01-12,Regular Season,1610612752,1610612749,140,106,2024-25,Knicks,New York,Bucks,Milwaukee
0022400542,2025-01-12,Regular Season,1610612738,1610612740,120,119,2024-25,Celtics,Boston,Pelicans,New Orleans
0022400543,2025-01-12,Regular Season,1610612739,1610612754,93,108,2024-25,Cavaliers,Cleveland,Pacers,Indiana
0022400544,2025-01-12,Regular Season,1610612753,1610612755,104,99,2024-25,Magic,Orlando,76ers,Philadelphia
0022400546,2025-01-12,Regular Season,1610612762,1610612751,112,111,2024-25,Jazz,Utah,Nets,Brooklyn
0022400545,2025-01-12,Regular Season,1610612764,1610612760,95,136,2024-25,Wizards,Washington,Thunder,Oklahoma City
0022400541,2025-01-12,Regular Season,1610612741,1610612758,119,124,2024-25,Bulls,Chicago,Kings,Sacramento
0022400540,2025-01-12,Regular Season,1610612742,1610612743,101,112,2024-25,Mavericks,Dallas,Nuggets,Denver
0022400547,2025-01-12,Regular Season,1610612756,1610612766,120,113,2024-25,Suns,Phoenix,Hornets,Charlotte
0022400548,2025-01-13,Regular Season,1610612764,1610612750,106,120,2024-25,Wizards,Washington,Timberwolves,Minnesota
0022400551,2025-01-13,Regular Season,1610612745,1610612763,120,118,2024-25,Rockets,Houston,Grizzlies,Memphis
0022400553,2025-01-13,Regular Season,1610612746,1610612748,109,98,2024-25,Clippers,LA,Heat,Miami
0022400550,2025-01-13,Regular Season,1610612761,1610612744,104,101,2024-25,Raptors,Toronto,Warriors,Golden State
0022400552,2025-01-13,Regular Season,1610612747,1610612759,102,126,2024-25,Lakers,Los Angeles,Spurs,San Antonio
0022400549,2025-01-13,Regular Season,1610612752,1610612765,119,124,2024-25,Knicks,New York,Pistons,Detroit
0022400557,2025-01-14,Regular Season,1610612741,1610612740,113,119,2024-25,Bulls,Chicago,Pelicans,New Orleans
0022400559,2025-01-14,Regular Season,1610612742,1610612743,99,118,2024-25,Mavericks,Dallas,Nuggets,Denver
0022400556,2025-01-14,Regular Season,1610612737,1610612756,122,117,2024-25,Hawks,Atlanta,Suns,Phoenix
0022400555,2025-01-14,Regular Season,1610612755,1610612760,102,118,2024-25,76ers,Philadelphia,Thunder,Oklahoma City
0022400560,2025-01-14,Regular Season,1610612757,1610612751,114,132,2024-25,Blazers,Portland Trail,Nets,Brooklyn
0022400558,2025-01-14,Regular Season,1610612749,1610612758,130,115,2024-25,Bucks,Milwaukee,Kings,Sacramento
0022400554,2025-01-14,Regular Season,1610612754,1610612739,117,127,2024-25,Pacers,Indiana,Cavaliers,Cleveland
0022400562,2025-01-15,Regular Season,1610612761,1610612738,110,97,2024-25,Raptors,Toronto,Celtics,Boston
0022400561,2025-01-15,Regular Season,1610612755,1610612752,119,125,2024-25,76ers,Philadelphia,Knicks,New York
0022400571,2025-01-15,Regular Season,1610612746,1610612751,126,67,2024-25,Clippers,LA,Nets,Brooklyn
0022400565,2025-01-15,Regular Season,1610612750,1610612744,115,116,2024-25,Timberwolves,Minnesota,Warriors,Golden State
0022400568,2025-01-15,Regular Season,1610612743,1610612745,108,128,2024-25,Nuggets,Denver,Rockets,Houston
0022400570,2025-01-15,Regular Season,1610612747,1610612748,117,108,2024-25,Lakers,Los Angeles,Heat,Miami
0022400569,2025-01-15,Regular Season,1610612762,1610612766,112,117,2024-25,Jazz,Utah,Hornets,Charlotte
0022400563,2025-01-15,Regular Season,1610612741,1610612737,94,110,2024-25,Bulls,Chicago,Hawks,Atlanta
0022400566,2025-01-15,Regular Season,1610612740,1610612742,119,116,2024-25,Pelicans,New Orleans,Mavericks,Dallas
0022400567,2025-01-15,Regular Season,1610612759,1610612763,115,129,2024-25,Spurs,San Antonio,Grizzlies,Memphis
0022400564,2025-01-15,Regular Season,1610612749,1610612753,122,93,2024-25,Bucks,Milwaukee,Magic,Orlando
0022400573,2025-01-16,Regular Season,1610612764,1610612756,123,130,2024-25,Wizards,Washington,Suns,Phoenix
0022400576,2025-01-16,Regular Season,1610612758,1610612745,132,127,2024-25,Kings,Sacramento,Rockets,Houston
0022400572,2025-01-16,Regular Season,1610612765,1610612754,100,111,2024-25,Pistons,Detroit,Pacers,Indiana
0022400575,2025-01-16,Regular Season,1610612757,1610612746,89,118,2024-25,Blazers,Portland Trail,Clippers,LA
0022400574,2025-01-16,Regular Season,1610612760,1610612739,134,114,2024-25,Thunder,Oklahoma City,Cavaliers,Cleveland
0022400584,2025-01-17,Regular Season,1610612741,1610612766,123,125,2024-25,Bulls,Chicago,Hornets,Charlotte
0022400580,2025-01-17,Regular Season,1610612749,1610612761,130,112,2024-25,Bucks,Milwaukee,Raptors,Toronto
0022400581,2025-01-17,Regular Season,1610612740,1610612762,136,123,2024-25,Pelicans,New Orleans,Jazz,Utah
0022400579,2025-01-17,Regular Season,1610612748,1610612743,113,133,2024-25,Heat,Miami,Nuggets,Denver
0022400583,2025-01-17,Regular Season,1610612742,1610612760,106,98,2024-25,Mavericks,Dallas,Thunder,Oklahoma City
0022400577,2025-01-17,Regular Season,1610612738,1610612753,121,94,2024-25,Celtics,Boston,Magic,Orlando
0022400578,2025-01-17,Regular Season,1610612752,1610612750,99,116,2024-25,Knicks,New York,Timberwolves,Minnesota
0022400582,2025-01-17,Regular Season,1610612759,1610612763,112,140,2024-25,Spurs,San Antonio,Grizzlies,Memphis
0022400585,2025-01-17,Regular Season,1610612747,1610612751,102,101,2024-25,Lakers,Los Angeles,Nets,Brooklyn
0022400589,2025-01-18,Regular Season,1610612744,1610612764,122,114,2024-25,Warriors,Golden State,Wizards,Washington
0022400588,2025-01-18,Regular Season,1610612754,1610612755,115,102,2024-25,Pacers,Indiana,76ers,Philadelphia
0022400591,2025-01-18,Regular Season,1610612757,1610612745,103,125,2024-25,Blazers,Portland Trail,Rockets,Houston
0022400586,2025-01-18,Regular Season,1610612765,1610612756,121,125,2024-25,Pistons,Detroit,Suns,Phoenix
0022400590,2025-01-18,Regular Season,1610612750,1610612739,117,124,2024-25,Timberwolves,Minnesota,Cavaliers,Cleveland
0022400587,2025-01-18,Regular Season,1610612738,1610612737,115,119,2024-25,Celtics,Boston,Hawks,Atlanta
0022400598,2025-01-19,Regular Season,1610612758,1610612764,123,100,2024-25,Kings,Sacramento,Wizards,Washington
0022400596,2025-01-19,Regular Season,1610612746,1610612747,116,102,2024-25,Clippers,LA,Lakers,Los Angeles
0022400593,2025-01-19,Regular Season,1610612753,1610612743,100,113,2024-25,Magic,Orlando,Nuggets,Denver
0022400597,2025-01-19,Regular Season,1610612757,1610612741,113,102,2024-25,Blazers,Portland Trail,Bulls,Chicago
0022400594,2025-01-19,Regular Season,1610612749,1610612755,123,109,2024-25,Bucks,Milwaukee,76ers,Philadelphia
0022400595,2025-01-19,Regular Season,1610612760,1610612751,127,101,2024-25,Thunder,Oklahoma City,Nets,Brooklyn
0022400592,2025-01-19,Regular Season,1610612748,1610612759,128,107,2024-25,Heat,Miami,Spurs,San Antonio
0022400603,2025-01-20,Regular Season,1610612739,1610612756,118,92,2024-25,Cavaliers,Cleveland,Suns,Phoenix
0022400602,2025-01-20,Regular Season,1610612752,1610612737,119,110,2024-25,Knicks,New York,Hawks,Atlanta
0022400599,2025-01-20,Regular Season,1610612766,1610612742,110,105,2024-25,Hornets,Charlotte,Mavericks,Dallas
0022400601,2025-01-20,Regular Season,1610612763,1610612750,108,106,2024-25,Grizzlies,Memphis,Timberwolves,Minnesota
0022400600,2025-01-20,Regular Season,1610612745,1610612765,96,107,2024-25,Rockets,Houston,Pistons,Detroit
0022400605,2025-01-20,Regular Season,1610612740,1610612762,123,119,2024-25,Pelicans,New Orleans,Jazz,Utah
0022400604,2025-01-20,Regular Season,1610612744,1610612738,85,125,2024-25,Warriors,Golden State,Celtics,Boston
0022400611,2025-01-20,Regular Season,1610612746,1610612741,99,112,2024-25,Clippers,LA,Bulls,Chicago
0022400608,2025-01-21,Regular Season,1610612761,1610612753,109,93,2024-25,Raptors,Toronto,Magic,Orlando
0022400610,2025-01-21,Regular Season,1610612747,1610612764,111,88,2024-25,Lakers,Los Angeles,Wizards,Washington
0022400607,2025-01-21,Regular Season,1610612748,1610612757,107,116,2024-25,Heat,Miami,Blazers,Portland Trail
0022400609,2025-01-21,Regular Season,1610612743,1610612755,144,109,2024-25,Nuggets,Denver,76ers,Philadelphia
0022400606,2025-01-21,Regular Season,1610612751,1610612752,95,99,2024-25,Nets,Brooklyn,Knicks,New York
0022400619,2025-01-22,Regular Season,1610612758,1610612744,123,117,2024-25,Kings,Sacramento,Warriors,Golden State
0022400613,2025-01-22,Regular Season,1610612751,1610612756,84,108,2024-25,Nets,Brooklyn,Suns,Phoenix
0022400620,2025-01-22,Regular Season,1610612746,1610612738,113,117,2024-25,Clippers,LA,Celtics,Boston
0022400616,2025-01-22,Regular Season,1610612763,1610612766,132,120,2024-25,Grizzlies,Memphis,Hornets,Charlotte
0022400612,2025-01-22,Regular Season,1610612737,1610612765,104,114,2024-25,Hawks,Atlanta,Pistons,Detroit
0022400615,2025-01-22,Regular Season,1610612745,1610612739,109,108,2024-25,Rockets,Houston,Cavaliers,Cleveland
0022400618,2025-01-22,Regular Season,1610612760,1610612762,123,114,2024-25,Thunder,Oklahoma City,Jazz,Utah
0022400614,2025-01-22,Regular Season,1610612742,1610612750,114,115,2024-25,Mavericks,Dallas,Timberwolves,Minnesota
0022400622,2025-01-23,Regular Season,1610612753,1610612757,79,101,2024-25,Magic,Orlando,Blazers,Portland Trail
0022400623,2025-01-23,Regular Season,1610612737,1610612761,119,122,2024-25,Hawks,Atlanta,Raptors,Toronto
0022400626,2025-01-23,Regular Season,1610612743,1610612758,132,123,2024-25,Nuggets,Denver,Kings,Sacramento
0022400624,2025-01-23,Regular Season,1610612749,1610612748,125,96,2024-25,Bucks,Milwaukee,Heat,Miami
0022400625,2025-01-23,Regular Season,1610612760,1610612742,115,121,2024-25,Thunder,Oklahoma City,Mavericks,Dallas
0022400983,2025-01-23,Regular Season,1610612746,1610612764,110,93,2024-25,Clippers,LA,Wizards,Washington
0022400628,2025-01-23,Regular Season,1610612744,1610612741,131,106,2024-25,Warriors,Golden State,Bulls,Chicago
0022400629,2025-01-23,Regular Season,1610612747,1610612738,117,96,2024-25,Lakers,Los Angeles,Celtics,Boston
0022400632,2025-01-24,Regular Season,1610612763,1610612740,139,126,2024-25,Grizzlies,Memphis,Pelicans,New Orleans
0022400630,2025-01-24,Regular Season,1610612766,1610612757,97,102,2024-25,Hornets,Charlotte,Blazers,Portland Trail
0022400631,2025-01-24,Regular Season,1610612755,1610612739,132,129,2024-25,76ers,Philadelphia,Cavaliers,Cleveland
0022400644,2025-01-25,Regular Season,1610612744,1610612747,108,118,2024-25,Warriors,Golden State,Lakers,Los Angeles
0022400641,2025-01-25,Regular Season,1610612752,1610612758,143,120,2024-25,Knicks,New York,Kings,Sacramento
0022400636,2025-01-25,Regular Season,1610612751,1610612748,97,106,2024-25,Nets,Brooklyn,Heat,Miami
0022400646,2025-01-25,Regular Season,1610612746,1610612749,127,117,2024-25,Clippers,LA,Bucks,Milwaukee
0022400634,2025-01-25,Regular Season,1610612750,1610612743,133,104,2024-25,Timberwolves,Minnesota,Nuggets,Denver
0022400635,2025-01-25,Regular Season,1610612742,1610612738,107,122,2024-25,Mavericks,Dallas,Celtics,Boston
0022400637,2025-01-25,Regular Season,1610612766,1610612740,123,92,2024-25,Hornets,Charlotte,Pelicans,New Orleans
0022400643,2025-01-25,Regular Season,1610612763,1610612762,125,103,2024-25,Grizzlies,Memphis,Jazz,Utah
0022400639,2025-01-25,Regular Season,1610612737,1610612761,94,117,2024-25,Hawks,Atlanta,Raptors,Toronto
0022400642,2025-01-25,Regular Season,1610612741,1610612755,97,109,2024-25,Bulls,Chicago,76ers,Philadelphia
0022400640,2025-01-25,Regular Season,1610612739,1610612745,131,135,2024-25,Cavaliers,Cleveland,Rockets,Houston
0022400638,2025-01-25,Regular Season,1610612753,1610612765,121,113,2024-25,Magic,Orlando,Pistons,Detroit
0022400645,2025-01-25,Regular Season,1610612756,1610612764,119,109,2024-25,Suns,Phoenix,Wizards,Washington
0022400647,2025-01-26,Regular Season,1610612757,1610612760,108,118,2024-25,Blazers,Portland Trail,Thunder,Oklahoma City
0022400652,2025-01-27,Regular Season,1610612748,1610612753,125,119,2024-25,Heat,Miami,Magic,Orlando
0022400653,2025-01-27,Regular Season,1610612752,1610612763,143,106,2024-25,Knicks,New York,Grizzlies,Memphis
0022400651,2025-01-27,Regular Season,1610612751,1610612758,96,110,2024-25,Nets,Brooklyn,Kings,Sacramento
0022400654,2025-01-27,Regular Season,1610612761,1610612740,113,104,2024-25,Raptors,Toronto,Pelicans,New Orleans
0022400657,2025-01-27,Regular Season,1610612742,1610612764,130,108,2024-25,Mavericks,Dallas,Wizards,Washington
0022400655,2025-01-27,Regular Season,1610612741,1610612743,129,121,2024-25,Bulls,Chicago,Nuggets,Denver
0022400648,2025-01-27,Regular Season,1610612766,1610612747,107,112,2024-25,Hornets,Charlotte,Lakers,Los Angeles
0022400656,2025-01-27,Regular Season,1610612750,1610612737,100,92,2024-25,Timberwolves,Minnesota,Hawks,Atlanta
0022400649,2025-01-27,Regular Season,1610612739,1610612765,110,91,2024-25,Cavaliers,Cleveland,Pistons,Detroit
0022400658,2025-01-27,Regular Season,1610612762,1610612749,110,125,2024-25,Jazz,Utah,Bucks,Milwaukee
0022400650,2025-01-27,Regular Season,1610612738,1610612745,112,114,2024-25,Celtics,Boston,Rockets,Houston
0022400659,2025-01-27,Regular Season,1610612756,1610612746,111,109,2024-25,Suns,Phoenix,Clippers,LA
0022400662,2025-01-28,Regular Season,1610612757,1610612749,125,112,2024-25,Blazers,Portland Trail,Bucks,Milwaukee
0022400532,2025-01-28,Regular Season,1610612737,1610612745,96,100,2024-25,Hawks,Atlanta,Rockets,Houston
0022400661,2025-01-28,Regular Season,1610612744,1610612762,114,103,2024-25,Warriors,Golden State,Jazz,Utah
0022400660,2025-01-28,Regular Season,1610612755,1610612747,118,104,2024-25,76ers,Philadelphia,Lakers,Los Angeles
0022400668,2025-01-29,Regular Season,1610612752,1610612743,122,112,2024-25,Knicks,New York,Nuggets,Denver
0022400670,2025-01-29,Regular Season,1610612740,1610612742,136,137,2024-25,Pelicans,New Orleans,Mavericks,Dallas
0022400672,2025-01-29,Regular Season,1610612756,1610612750,113,121,2024-25,Suns,Phoenix,Timberwolves,Minnesota
0022400671,2025-01-29,Regular Season,1610612759,1610612746,116,128,2024-25,Spurs,San Antonio,Clippers,LA
0022400663,2025-01-29,Regular Season,1610612766,1610612751,83,104,2024-25,Hornets,Charlotte,Nets,Brooklyn
0022400673,2025-01-29,Regular Season,1610612744,1610612760,116,109,2024-25,Warriors,Golden State,Thunder,Oklahoma City
0022400665,2025-01-29,Regular Season,1610612764,1610612761,82,106,2024-25,Wizards,Washington,Raptors,Toronto
0022400666,2025-01-29,Regular Season,1610612738,1610612741,122,100,2024-25,Celtics,Boston,Bulls,Chicago
0022400664,2025-01-29,Regular Season,1610612754,1610612765,133,119,2024-25,Pacers,Indiana,Pistons,Detroit
0022400669,2025-01-29,Regular Season,1610612755,1610612758,117,104,2024-25,76ers,Philadelphia,Kings,Sacramento
0022400667,2025-01-29,Regular Season,1610612748,1610612739,106,126,2024-25,Heat,Miami,Cavaliers,Cleveland
0022400676,2025-01-30,Regular Season,1610612763,1610612745,120,119,2024-25,Grizzlies,Memphis,Rockets,Houston
0022400674,2025-01-30,Regular Season,1610612764,1610612747,96,134,2024-25,Wizards,Washington,Lakers,Los Angeles
0022400678,2025-01-30,Regular Season,1610612757,1610612753,119,90,2024-25,Blazers,Portland Trail,Magic,Orlando
0022400675,2025-01-30,Regular Season,1610612739,1610612737,137,115,2024-25,Cavaliers,Cleveland,Hawks,Atlanta
0022400677,2025-01-30,Regular Season,1610612762,1610612750,113,138,2024-25,Jazz,Utah,Timberwolves,Minnesota
0022400679,2025-01-31,Regular Season,1610612766,1610612746,104,112,2024-25,Hornets,Charlotte,Clippers,LA
0022400685,2025-01-31,Regular Season,1610612744,1610612756,105,130,2024-25,Warriors,Golden State,Suns,Phoenix
0022400684,2025-01-31,Regular Season,1610612759,1610612749,144,118,2024-25,Spurs,San Antonio,Bucks,Milwaukee
0022400682,2025-01-31,Regular Season,1610612761,1610612741,106,122,2024-25,Raptors,Toronto,Bulls,Chicago
0022400680,2025-01-31,Regular Season,1610612765,1610612742,117,102,2024-25,Pistons,Detroit,Mavericks,Dallas
0022400681,2025-01-31,Regular Season,1610612755,1610612743,134,137,2024-25,76ers,Philadelphia,Nuggets,Denver
0022400683,2025-01-31,Regular Season,1610612740,1610612738,116,118,2024-25,Pelicans,New Orleans,Celtics,Boston
0022400692,2025-02-01,Regular Season,1610612752,1610612747,112,128,2024-25,Knicks,New York,Lakers,Los Angeles
0022400691,2025-02-01,Regular Season,1610612760,1610612758,144,110,2024-25,Thunder,Oklahoma City,Kings,Sacramento
0022400694,2025-02-01,Regular Season,1610612757,1610612756,127,108,2024-25,Blazers,Portland Trail,Suns,Phoenix
0022400686,2025-02-01,Regular Season,1610612754,1610612737,132,127,2024-25,Pacers,Indiana,Hawks,Atlanta
0022400690,2025-02-01,Regular Season,1610612750,1610612764,103,105,2024-25,Timberwolves,Minnesota,Wizards,Washington
0022400688,2025-02-01,Regular Season,1610612766,1610612743,104,107,2024-25,Hornets,Charlotte,Nuggets,Denver
0022400689,2025-02-01,Regular Season,1610612745,1610612751,98,110,2024-25,Rockets,Houston,Nets,Brooklyn
0022400687,2025-02-01,Regular Season,1610612762,1610612753,113,99,2024-25,Jazz,Utah,Magic,Orlando
0022400693,2025-02-01,Regular Season,1610612759,1610612748,103,105,2024-25,Spurs,San Antonio,Heat,Miami
0022400696,2025-02-02,Regular Season,1610612739,1610612742,144,101,2024-25,Cavaliers,Cleveland,Mavericks,Dallas
0022400698,2025-02-02,Regular Season,1610612755,1610612738,110,118,2024-25,76ers,Philadelphia,Celtics,Boston
0022400695,2025-02-02,Regular Season,1610612765,1610612741,127,119,2024-25,Pistons,Detroit,Bulls,Chicago
0022400697,2025-02-02,Regular Season,1610612761,1610612746,115,108,2024-25,Raptors,Toronto,Clippers,LA
0022400699,2025-02-02,Regular Season,1610612749,1610612763,119,132,2024-25,Bucks,Milwaukee,Grizzlies,Memphis
0022400704,2025-02-03,Regular Season,1610612750,1610612758,114,116,2024-25,Timberwolves,Minnesota,Kings,Sacramento
0022400709,2025-02-03,Regular Season,1610612757,1610612756,121,119,2024-25,Blazers,Portland Trail,Suns,Phoenix
0022400707,2025-02-03,Regular Season,1610612762,1610612754,111,112,2024-25,Jazz,Utah,Pacers,Indiana
0022400700,2025-02-03,Regular Season,1610612766,1610612764,114,124,2024-25,Hornets,Charlotte,Wizards,Washington
0022400703,2025-02-03,Regular Season,1610612763,1610612759,128,109,2024-25,Grizzlies,Memphis,Spurs,San Antonio
0022400701,2025-02-03,Regular Season,1610612765,1610612737,130,132,2024-25,Pistons,Detroit,Hawks,Atlanta
0022400706,2025-02-03,Regular Season,1610612743,1610612740,125,113,2024-25,Nuggets,Denver,Pelicans,New Orleans
0022400708,2025-02-03,Regular Season,1610612744,1610612753,104,99,2024-25,Warriors,Golden State,Magic,Orlando
0022400702,2025-02-03,Regular Season,1610612752,1610612745,124,118,2024-25,Knicks,New York,Rockets,Houston
0022400705,2025-02-03,Regular Season,1610612760,1610612749,125,96,2024-25,Thunder,Oklahoma City,Bucks,Milwaukee
0022400710,2025-02-04,Regular Season,1610612739,1610612738,105,112,2024-25,Cavaliers,Cleveland,Celtics,Boston
0022400713,2025-02-04,Regular Season,1610612761,1610612752,115,121,2024-25,Raptors,Toronto,Knicks,New York
0022400715,2025-02-04,Regular Season,1610612746,1610612747,97,122,2024-25,Clippers,LA,Lakers,Los Angeles
0022400712,2025-02-04,Regular Season,1610612755,1610612742,118,116,2024-25,76ers,Philadelphia,Mavericks,Dallas
0022400711,2025-02-04,Regular Season,1610612751,1610612745,99,97,2024-25,Nets,Brooklyn,Rockets,Houston
0022400716,2025-02-04,Regular Season,1610612757,1610612754,112,89,2024-25,Blazers,Portland Trail,Pacers,Indiana
0022400714,2025-02-04,Regular Season,1610612741,1610612748,133,124,2024-25,Bulls,Chicago,Heat,Miami
0022400718,2025-02-05,Regular Season,1610612765,1610612739,115,118,2024-25,Pistons,Detroit,Cavaliers,Cleveland
0022400724,2025-02-05,Regular Season,1610612760,1610612756,140,109,2024-25,Thunder,Oklahoma City,Suns,Phoenix
0022400721,2025-02-05,Regular Season,1610612755,1610612748,101,108,2024-25,76ers,Philadelphia,Heat,Miami
0022400722,2025-02-05,Regular Season,1610612761,1610612763,107,138,2024-25,Raptors,Toronto,Grizzlies,Memphis
0022400720,2025-02-05,Regular Season,1610612751,1610612764,102,119,2024-25,Nets,Brooklyn,Wizards,Washington
0022400723,2025-02-05,Regular Season,1610612750,1610612741,127,108,2024-25,Timberwolves,Minnesota,Bulls,Chicago
0022400727,2025-02-05,Regular Season,1610612758,1610612753,111,130,2024-25,Kings,Sacramento,Magic,Orlando
0022400717,2025-02-05,Regular Season,1610612766,1610612749,102,112,2024-25,Hornets,Charlotte,Bucks,Milwaukee
0022400719,2025-02-05,Regular Season,1610612737,1610612759,125,126,2024-25,Hawks,Atlanta,Spurs,San Antonio
0022400725,2025-02-05,Regular Season,1610612762,1610612744,131,128,2024-25,Jazz,Utah,Warriors,Golden State
0022400726,2025-02-05,Regular Season,1610612743,1610612740,144,119,2024-25,Nuggets,Denver,Pelicans,New Orleans
0022400729,2025-02-06,Regular Season,1610612750,1610612745,127,114,2024-25,Timberwolves,Minnesota,Rockets,Houston
0022400732,2025-02-06,Regular Season,1610612757,1610612758,108,102,2024-25,Blazers,Portland Trail,Kings,Sacramento
0022400731,2025-02-06,Regular Season,1610612747,1610612744,120,112,2024-25,Lakers,Los Angeles,Warriors,Golden State
0022400733,2025-02-06,Regular Season,1610612746,1610612754,112,119,2024-25,Clippers,LA,Pacers,Indiana
0022400728,2025-02-06,Regular Season,1610612738,1610612742,120,127,2024-25,Celtics,Boston,Mavericks,Dallas
0022400730,2025-02-06,Regular Season,1610612743,1610612753,112,90,2024-25,Nuggets,Denver,Magic,Orlando
0022400739,2025-02-07,Regular Season,1610612760,1610612761,121,109,2024-25,Thunder,Oklahoma City,Raptors,Toronto
0022400737,2025-02-07,Regular Season,1610612751,1610612748,102,86,2024-25,Nets,Brooklyn,Heat,Miami
0022400738,2025-02-07,Regular Season,1610612765,1610612755,125,112,2024-25,Pistons,Detroit,76ers,Philadelphia
0022400734,2025-02-07,Regular Season,1610612766,1610612759,117,116,2024-25,Hornets,Charlotte,Spurs,San Antonio
0022400735,2025-02-07,Regular Season,1610612764,1610612739,124,134,2024-25,Wizards,Washington,Cavaliers,Cleveland
0022400740,2025-02-07,Regular Season,1610612756,1610612762,135,127,2024-25,Suns,Phoenix,Jazz,Utah
0022400736,2025-02-07,Regular Season,1610612737,1610612749,115,110,2024-25,Hawks,Atlanta,Bucks,Milwaukee
0022400749,2025-02-08,Regular Season,1610612756,1610612743,105,122,2024-25,Suns,Phoenix,Nuggets,Denver
0022400742,2025-02-08,Regular Season,1610612747,1610612754,124,117,2024-25,Lakers,Los Angeles,Pacers,Indiana
0022400745,2025-02-08,Regular Season,1610612741,1610612744,111,132,2024-25,Bulls,Chicago,Warriors,Golden State
0022400744,2025-02-08,Regular Season,1610612764,1610612737,111,125,2024-25,Wizards,Washington,Hawks,Atlanta
0022400746,2025-02-08,Regular Season,1610612763,1610612760,112,125,2024-25,Grizzlies,Memphis,Thunder,Oklahoma City
0022400750,2025-02-08,Regular Season,1610612758,1610612740,123,118,2024-25,Kings,Sacramento,Pelicans,New Orleans
0022400748,2025-02-08,Regular Season,1610612752,1610612738,104,131,2024-25,Knicks,New York,Celtics,Boston
0022400743,2025-02-08,Regular Season,1610612753,1610612759,112,111,2024-25,Magic,Orlando,Spurs,San Antonio
0022400747,2025-02-08,Regular Season,1610612750,1610612757,114,98,2024-25,Timberwolves,Minnesota,Blazers,Portland Trail
0022400751,2025-02-08,Regular Season,1610612746,1610612762,130,110,2024-25,Clippers,LA,Jazz,Utah
0022400741,2025-02-08,Regular Season,1610612742,1610612745,116,105,2024-25,Mavericks,Dallas,Rockets,Houston
0022400752,2025-02-09,Regular Season,1610612765,1610612766,112,102,2024-25,Pistons,Detroit,Hornets,Charlotte
0022400753,2025-02-09,Regular Season,1610612745,1610612761,94,87,2024-25,Rockets,Houston,Raptors,Toronto
0022400754,2025-02-09,Regular Season,1610612749,1610612755,135,127,2024-25,Bucks,Milwaukee,76ers,Philadelphia
0022400768,2025-02-10,Regular Season,1610612747,1610612762,132,113,2024-25,Lakers,Los Angeles,Jazz,Utah
0022400759,2025-02-10,Regular Season,1610612748,1610612738,85,103,2024-25,Heat,Miami,Celtics,Boston
0022400757,2025-02-10,Regular Season,1610612764,1610612759,121,131,2024-25,Wizards,Washington,Spurs,San Antonio
0022400755,2025-02-10,Regular Season,1610612739,1610612750,128,107,2024-25,Cavaliers,Cleveland,Timberwolves,Minnesota
0022400756,2025-02-10,Regular Season,1610612753,1610612737,106,112,2024-25,Magic,Orlando,Hawks,Atlanta
0022400763,2025-02-10,Regular Season,1610612743,1610612757,146,117,2024-25,Nuggets,Denver,Blazers,Portland Trail
0022400758,2025-02-10,Regular Season,1610612751,1610612766,97,89,2024-25,Nets,Brooklyn,Hornets,Charlotte
0022400760,2025-02-10,Regular Season,1610612749,1610612744,111,125,2024-25,Bucks,Milwaukee,Warriors,Golden State
0022400762,2025-02-10,Regular Season,1610612742,1610612758,128,129,2024-25,Mavericks,Dallas,Kings,Sacramento
0022400761,2025-02-10,Regular Season,1610612760,1610612740,137,101,2024-25,Thunder,Oklahoma City,Pelicans,New Orleans
0022400767,2025-02-11,Regular Season,1610612756,1610612763,112,119,2024-25,Suns,Phoenix,Grizzlies,Memphis
0022400764,2025-02-11,Regular Season,1610612755,1610612761,103,106,2024-25,76ers,Philadelphia,Raptors,Toronto
0022400765,2025-02-11,Regular Season,1610612754,1610612752,115,128,2024-25,Pacers,Indiana,Knicks,New York
0022400766,2025-02-11,Regular Season,1610612741,1610612765,92,132,2024-25,Bulls,Chicago,Pistons,Detroit
0022400780,2025-02-12,Regular Season,1610612743,1610612757,132,121,2024-25,Nuggets,Denver,Blazers,Portland Trail
0022400781,2025-02-12,Regular Season,1610612762,1610612747,131,119,2024-25,Jazz,Utah,Lakers,Los Angeles
0022400773,2025-02-12,Regular Season,1610612752,1610612737,149,148,2024-25,Knicks,New York,Hawks,Atlanta
0022400782,2025-02-12,Regular Season,1610612742,1610612744,111,107,2024-25,Mavericks,Dallas,Warriors,Golden State
0022400776,2025-02-12,Regular Season,1610612750,1610612749,101,103,2024-25,Timberwolves,Minnesota,Bucks,Milwaukee
0022400772,2025-02-12,Regular Season,1610612751,1610612755,100,96,2024-25,Nets,Brooklyn,76ers,Philadelphia
0022400777,2025-02-12,Regular Season,1610612740,1610612758,111,119,2024-25,Pelicans,New Orleans,Kings,Sacramento
0022400774,2025-02-12,Regular Season,1610612761,1610612739,108,131,2024-25,Raptors,Toronto,Cavaliers,Cleveland
0022400770,2025-02-12,Regular Season,1610612753,1610612766,102,86,2024-25,Magic,Orlando,Hornets,Charlotte
0022400769,2025-02-12,Regular Season,1610612738,1610612759,116,103,2024-25,Celtics,Boston,Spurs,San Antonio
0022400771,2025-02-12,Regular Season,1610612764,1610612754,130,134,2024-25,Wizards,Washington,Pacers,Indiana
0022400779,2025-02-12,Regular Season,1610612745,1610612756,119,111,2024-25,Rockets,Houston,Suns,Phoenix
0022400778,2025-02-12,Regular Season,1610612760,1610612748,115,101,2024-25,Thunder,Oklahoma City,Heat,Miami
0022400783,2025-02-12,Regular Season,1610612746,1610612763,128,114,2024-25,Clippers,LA,Grizzlies,Memphis
0022400775,2025-02-12,Regular Season,1610612741,1610612765,110,128,2024-25,Bulls,Chicago,Pistons,Detroit
0022400785,2025-02-13,Regular Season,1610612740,1610612758,140,133,2024-25,Pelicans,New Orleans,Kings,Sacramento
0022400787,2025-02-13,Regular Season,1610612750,1610612760,116,101,2024-25,Timberwolves,Minnesota,Thunder,Oklahoma City
0022400784,2025-02-13,Regular Season,1610612745,1610612744,98,105,2024-25,Rockets,Houston,Warriors,Golden State
0022401004,2025-02-13,Regular Season,1610612762,1610612746,116,120,2024-25,Jazz,Utah,Clippers,LA
0022400786,2025-02-13,Regular Season,1610612742,1610612748,118,113,2024-25,Mavericks,Dallas,Heat,Miami
0022400524,2025-02-19,Regular Season,1610612747,1610612766,97,100,2024-25,Lakers,Los Angeles,Hornets,Charlotte
0022400794,2025-02-20,Regular Season,1610612743,1610612766,129,115,2024-25,Nuggets,Denver,Hornets,Charlotte
0022400791,2025-02-20,Regular Season,1610612751,1610612739,97,110,2024-25,Nets,Brooklyn,Cavaliers,Cleveland
0022400788,2025-02-20,Regular Season,1610612754,1610612763,127,113,2024-25,Pacers,Indiana,Grizzlies,Memphis
0022400793,2025-02-20,Regular Season,1610612749,1610612746,116,110,2024-25,Bucks,Milwaukee,Clippers,LA
0022400796,2025-02-20,Regular Season,1610612757,1610612747,102,110,2024-25,Blazers,Portland Trail,Lakers,Los Angeles
0022400795,2025-02-20,Regular Season,1610612759,1610612756,120,109,2024-25,Spurs,San Antonio,Suns,Phoenix
0022400789,2025-02-20,Regular Season,1610612755,1610612738,104,124,2024-25,76ers,Philadelphia,Celtics,Boston
0022400792,2025-02-20,Regular Season,1610612752,1610612741,113,111,2024-25,Knicks,New York,Bulls,Chicago
0022400790,2025-02-20,Regular Season,1610612737,1610612753,108,114,2024-25,Hawks,Atlanta,Magic,Orlando
0022400799,2025-02-21,Regular Season,1610612764,1610612749,101,104,2024-25,Wizards,Washington,Bucks,Milwaukee
0022400805,2025-02-21,Regular Season,1610612758,1610612744,108,132,2024-25,Kings,Sacramento,Warriors,Golden State
0022400800,2025-02-21,Regular Season,1610612761,1610612748,111,120,2024-25,Raptors,Toronto,Heat,Miami
0022400798,2025-02-21,Regular Season,1610612753,1610612763,104,105,2024-25,Magic,Orlando,Grizzlies,Memphis
0022400802,2025-02-21,Regular Season,1610612759,1610612765,110,125,2024-25,Spurs,San Antonio,Pistons,Detroit
0022400801,2025-02-21,Regular Season,1610612745,1610612750,121,115,2024-25,Rockets,Houston,Timberwolves,Minnesota
0022400797,2025-02-21,Regular Season,1610612739,1610612752,142,105,2024-25,Cavaliers,Cleveland,Knicks,New York
0022400804,2025-02-21,Regular Season,1610612762,1610612760,107,130,2024-25,Jazz,Utah,Thunder,Oklahoma City
0022400803,2025-02-21,Regular Season,1610612742,1610612740,111,103,2024-25,Mavericks,Dallas,Pelicans,New Orleans
0022400807,2025-02-22,Regular Season,1610612755,1610612751,103,105,2024-25,76ers,Philadelphia,Nets,Brooklyn
0022400808,2025-02-22,Regular Season,1610612743,1610612747,100,123,2024-25,Nuggets,Denver,Lakers,Los Angeles
0022400806,2025-02-22,Regular Season,1610612741,1610612756,117,121,2024-25,Bulls,Chicago,Suns,Phoenix
0022400809,2025-02-22,Regular Season,1610612762,1610612745,124,115,2024-25,Jazz,Utah,Rockets,Houston
0022400810,2025-02-22,Regular Season,1610612757,1610612766,141,88,2024-25,Blazers,Portland Trail,Hornets,Charlotte
0022400813,2025-02-23,Regular Season,1610612754,1610612746,129,111,2024-25,Pacers,Indiana,Clippers,LA
0022400815,2025-02-23,Regular Season,1610612753,1610612764,110,90,2024-25,Magic,Orlando,Wizards,Washington
0022400814,2025-02-23,Regular Season,1610612737,1610612765,143,148,2024-25,Hawks,Atlanta,Pistons,Detroit
0022400819,2025-02-23,Regular Season,1610612739,1610612763,129,123,2024-25,Cavaliers,Cleveland,Grizzlies,Memphis
0022400820,2025-02-23,Regular Season,1610612750,1610612760,123,130,2024-25,Timberwolves,Minnesota,Thunder,Oklahoma City
0022400818,2025-02-23,Regular Season,1610612740,1610612759,114,96,2024-25,Pelicans,New Orleans,Spurs,San Antonio
0022400817,2025-02-23,Regular Season,1610612749,1610612748,120,113,2024-25,Bucks,Milwaukee,Heat,Miami
0022400811,2025-02-23,Regular Season,1610612738,1610612752,118,105,2024-25,Celtics,Boston,Knicks,New York
0022400816,2025-02-23,Regular Season,1610612761,1610612756,127,109,2024-25,Raptors,Toronto,Suns,Phoenix
0022400812,2025-02-23,Regular Season,1610612744,1610612742,126,102,2024-25,Warriors,Golden State,Mavericks,Dallas
0022400825,2025-02-24,Regular Season,1610612737,1610612748,98,86,2024-25,Hawks,Atlanta,Heat,Miami
0022400822,2025-02-24,Regular Season,1610612754,1610612743,116,125,2024-25,Pacers,Indiana,Nuggets,Denver
0022400828,2025-02-24,Regular Season,1610612758,1610612766,130,88,2024-25,Kings,Sacramento,Hornets,Charlotte
0022400823,2025-02-24,Regular Season,1610612755,1610612741,110,142,2024-25,76ers,Philadelphia,Bulls,Chicago
0022400827,2025-02-24,Regular Season,1610612762,1610612757,112,114,2024-25,Jazz,Utah,Blazers,Portland Trail
0022400824,2025-02-24,Regular Season,1610612764,1610612751,107,99,2024-25,Wizards,Washington,Nets,Brooklyn
0022400826,2025-02-24,Regular Season,1610612760,1610612750,128,131,2024-25,Thunder,Oklahoma City,Timberwolves,Minnesota
0022400821,2025-02-24,Regular Season,1610612765,1610612746,106,97,2024-25,Pistons,Detroit,Clippers,LA
0022400832,2025-02-25,Regular Season,1610612763,1610612756,151,148,2024-25,Grizzlies,Memphis,Suns,Phoenix
0022400829,2025-02-25,Regular Season,1610612761,1610612738,101,111,2024-25,Raptors,Toronto,Celtics,Boston
0022400835,2025-02-25,Regular Season,1610612747,1610612742,107,99,2024-25,Lakers,Los Angeles,Mavericks,Dallas
0022400834,2025-02-25,Regular Season,1610612744,1610612766,128,92,2024-25,Warriors,Golden State,Hornets,Charlotte
0022400833,2025-02-25,Regular Season,1610612740,1610612759,109,103,2024-25,Pelicans,New Orleans,Spurs,San Antonio
0022400830,2025-02-25,Regular Season,1610612753,1610612739,82,122,2024-25,Magic,Orlando,Cavaliers,Cleveland
0022400831,2025-02-25,Regular Season,1610612745,1610612749,100,97,2024-25,Rockets,Houston,Bucks,Milwaukee
0022400841,2025-02-26,Regular Season,1610612748,1610612737,131,109,2024-25,Heat,Miami,Hawks,Atlanta
0022400839,2025-02-26,Regular Season,1610612764,1610612757,121,129,2024-25,Wizards,Washington,Blazers,Portland Trail
0022400844,2025-02-26,Regular Season,1610612745,1610612759,118,106,2024-25,Rockets,Houston,Spurs,San Antonio
0022400840,2025-02-26,Regular Season,1610612751,1610612760,121,129,2024-25,Nets,Brooklyn,Thunder,Oklahoma City
0022400837,2025-02-26,Regular Season,1610612754,1610612761,111,91,2024-25,Pacers,Indiana,Raptors,Toronto
0022400842,2025-02-26,Regular Season,1610612741,1610612746,117,122,2024-25,Bulls,Chicago,Clippers,LA
0022400836,2025-02-26,Regular Season,1610612765,1610612738,117,97,2024-25,Pistons,Detroit,Celtics,Boston
0022400843,2025-02-26,Regular Season,1610612762,1610612758,101,118,2024-25,Jazz,Utah,Kings,Sacramento
0022400838,2025-02-26,Regular Season,1610612752,1610612755,110,105,2024-25,Knicks,New York,76ers,Philadelphia
0022400845,2025-02-27,Regular Season,1610612753,1610612744,115,121,2024-25,Magic,Orlando,Warriors,Golden State
0022400847,2025-02-27,Regular Season,1610612742,1610612766,103,96,2024-25,Mavericks,Dallas,Hornets,Charlotte
0022400848,2025-02-27,Regular Season,1610612756,1610612740,116,124,2024-25,Suns,Phoenix,Pelicans,New Orleans
0022400849,2025-02-27,Regular Season,1610612747,1610612750,111,102,2024-25,Lakers,Los Angeles,Timberwolves,Minnesota
0022400846,2025-02-27,Regular Season,1610612749,1610612743,121,112,2024-25,Bucks,Milwaukee,Nuggets,Denver
0022400850,2025-02-28,Regular Season,1610612765,1610612743,119,134,2024-25,Pistons,Detroit,Nuggets,Denver
0022400856,2025-02-28,Regular Season,1610612763,1610612752,113,114,2024-25,Grizzlies,Memphis,Knicks,New York
0022400851,2025-02-28,Regular Season,1610612737,1610612760,119,135,2024-25,Hawks,Atlanta,Thunder,Oklahoma City
0022400857,2025-02-28,Regular Season,1610612756,1610612740,125,108,2024-25,Suns,Phoenix,Pelicans,New Orleans
0022400854,2025-02-28,Regular Season,1610612748,1610612754,125,120,2024-25,Heat,Miami,Pacers,Indiana
0022400853,2025-02-28,Regular Season,1610612751,1610612757,102,121,2024-25,Nets,Brooklyn,Blazers,Portland Trail
0022400859,2025-02-28,Regular Season,1610612747,1610612746,106,102,2024-25,Lakers,Los Angeles,Clippers,LA
0022400858,2025-02-28,Regular Season,1610612762,1610612750,117,116,2024-25,Jazz,Utah,Timberwolves,Minnesota
0022400855,2025-02-28,Regular Season,1610612741,1610612761,125,115,2024-25,Bulls,Chicago,Raptors,Toronto
0022400852,2025-02-28,Regular Season,1610612738,1610612739,116,123,2024-25,Celtics,Boston,Cavaliers,Cleveland
0022400862,2025-03-01,Regular Season,1610612745,1610612758,103,113,2024-25,Rockets,Houston,Kings,Sacramento
0022400865,2025-03-01,Regular Season,1610612742,1610612749,117,132,2024-25,Mavericks,Dallas,Bucks,Milwaukee
0022400864,2025-03-01,Regular Season,1610612755,1610612744,126,119,2024-25,76ers,Philadelphia,Warriors,Golden State
0022400861,2025-03-01,Regular Season,1610612765,1610612751,115,94,2024-25,Pistons,Detroit,Nets,Brooklyn
0022400860,2025-03-01,Regular Season,1610612766,1610612764,100,113,2024-25,Hornets,Charlotte,Wizards,Washington
0022400863,2025-03-01,Regular Season,1610612763,1610612759,128,130,2024-25,Grizzlies,Memphis,Spurs,San Antonio
0022400869,2025-03-02,Regular Season,1610612748,1610612752,112,116,2024-25,Heat,Miami,Knicks,New York
0022400874,2025-03-02,Regular Season,1610612747,1610612746,108,102,2024-25,Lakers,Los Angeles,Clippers,LA
0022400871,2025-03-02,Regular Season,1610612759,1610612760,132,146,2024-25,Spurs,San Antonio,Thunder,Oklahoma City
0022400870,2025-03-02,Regular Season,1610612753,1610612761,102,104,2024-25,Magic,Orlando,Raptors,Toronto
0022400867,2025-03-02,Regular Season,1610612739,1610612757,133,129,2024-25,Cavaliers,Cleveland,Blazers,Portland Trail
0022400872,2025-03-02,Regular Season,1610612762,1610612740,121,128,2024-25,Jazz,Utah,Pelicans,New Orleans
0022400868,2025-03-02,Regular Season,1610612754,1610612741,127,112,2024-25,Pacers,Indiana,Bulls,Chicago
0022400873,2025-03-02,Regular Season,1610612756,1610612750,98,116,2024-25,Suns,Phoenix,Timberwolves,Minnesota
0022400866,2025-03-02,Regular Season,1610612738,1610612743,110,103,2024-25,Celtics,Boston,Nuggets,Denver
0022400881,2025-03-03,Regular Season,1610612762,1610612765,106,134,2024-25,Jazz,Utah,Pistons,Detroit
0022400875,2025-03-03,Regular Season,1610612766,1610612744,101,119,2024-25,Hornets,Charlotte,Warriors,Golden State
0022400879,2025-03-03,Regular Season,1610612760,1610612745,137,128,2024-25,Thunder,Oklahoma City,Rockets,Houston
0022400876,2025-03-03,Regular Season,1610612755,1610612757,102,119,2024-25,76ers,Philadelphia,Blazers,Portland Trail
0022400877,2025-03-03,Regular Season,1610612748,1610612764,106,90,2024-25,Heat,Miami,Wizards,Washington
0022400880,2025-03-03,Regular Season,1610612742,1610612758,98,122,2024-25,Mavericks,Dallas,Kings,Sacramento
0022400878,2025-03-03,Regular Season,1610612763,1610612737,130,132,2024-25,Grizzlies,Memphis,Hawks,Atlanta
0022400882,2025-03-04,Regular Season,1610612754,1610612745,115,102,2024-25,Pacers,Indiana,Rockets,Houston
0022400889,2025-03-04,Regular Season,1610612756,1610612746,119,117,2024-25,Suns,Phoenix,Clippers,LA
0022400886,2025-03-04,Regular Season,1610612741,1610612739,117,139,2024-25,Bulls,Chicago,Cavaliers,Cleveland
0022400883,2025-03-04,Regular Season,1610612753,1610612761,113,114,2024-25,Magic,Orlando,Raptors,Toronto
0022400887,2025-03-04,Regular Season,1610612750,1610612755,126,112,2024-25,Timberwolves,Minnesota,76ers,Philadelphia
0022400888,2025-03-04,Regular Season,1610612759,1610612751,127,113,2024-25,Spurs,San Antonio,Nets,Brooklyn
0022400885,2025-03-04,Regular Season,1610612752,1610612744,102,114,2024-25,Knicks,New York,Warriors,Golden State
0022400890,2025-03-04,Regular Season,1610612747,1610612740,136,115,2024-25,Lakers,Los Angeles,Pelicans,New Orleans
0022400884,2025-03-04,Regular Season,1610612737,1610612749,121,127,2024-25,Hawks,Atlanta,Bucks,Milwaukee
0022400898,2025-03-05,Regular Season,1610612746,1610612765,123,115,2024-25,Clippers,LA,Pistons,Detroit
0022400897,2025-03-05,Regular Season,1610612749,1610612742,137,107,2024-25,Bucks,Milwaukee,Mavericks,Dallas
0022400893,2025-03-05,Regular Season,1610612739,1610612748,112,107,2024-25,Cavaliers,Cleveland,Heat,Miami
0022400892,2025-03-05,Regular Season,1610612766,1610612750,110,125,2024-25,Hornets,Charlotte,Timberwolves,Minnesota
0022400894,2025-03-05,Regular Season,1610612764,1610612762,125,122,2024-25,Wizards,Washington,Jazz,Utah
0022400891,2025-03-05,Regular Season,1610612738,1610612757,128,118,2024-25,Celtics,Boston,Blazers,Portland Trail
0022400895,2025-03-05,Regular Season,1610612763,1610612760,103,120,2024-25,Grizzlies,Memphis,Thunder,Oklahoma City
0022400896,2025-03-05,Regular Season,1610612743,1610612758,116,110,2024-25,Nuggets,Denver,Kings,Sacramento
0022400899,2025-03-06,Regular Season,1610612737,1610612754,124,118,2024-25,Hawks,Atlanta,Pacers,Indiana
0022400944,2025-03-06,Regular Season,1610612753,1610612741,123,125,2024-25,Magic,Orlando,Bulls,Chicago
0022400902,2025-03-06,Regular Season,1610612740,1610612745,97,109,2024-25,Pelicans,New Orleans,Rockets,Houston
0022400900,2025-03-06,Regular Season,1610612738,1610612755,123,105,2024-25,Celtics,Boston,76ers,Philadelphia
0022400903,2025-03-06,Regular Season,1610612747,1610612752,113,109,2024-25,Lakers,Los Angeles,Knicks,New York
0022400901,2025-03-06,Regular Season,1610612751,1610612744,119,121,2024-25,Nets,Brooklyn,Warriors,Golden State
0022400910,2025-03-07,Regular Season,1610612758,1610612759,127,109,2024-25,Kings,Sacramento,Spurs,San Antonio
0022400904,2025-03-07,Regular Season,1610612766,1610612739,117,118,2024-25,Hornets,Charlotte,Cavaliers,Cleveland
0022400905,2025-03-07,Regular Season,1610612761,1610612762,118,109,2024-25,Raptors,Toronto,Jazz,Utah
0022400908,2025-03-07,Regular Season,1610612760,1610612757,107,89,2024-25,Thunder,Oklahoma City,Blazers,Portland Trail
0022400909,2025-03-07,Regular Season,1610612743,1610612756,149,141,2024-25,Nuggets,Denver,Suns,Phoenix
0022400907,2025-03-07,Regular Season,1610612748,1610612750,104,106,2024-25,Heat,Miami,Timberwolves,Minnesota
0022400906,2025-03-07,Regular Season,1610612742,1610612763,111,122,2024-25,Mavericks,Dallas,Grizzlies,Memphis
0022400911,2025-03-07,Regular Season,1610612746,1610612752,105,95,2024-25,Clippers,LA,Knicks,New York
0022400916,2025-03-08,Regular Season,1610612748,1610612741,109,114,2024-25,Heat,Miami,Bulls,Chicago
0022400912,2025-03-08,Regular Season,1610612766,1610612751,105,102,2024-25,Hornets,Charlotte,Nets,Brooklyn
0022400913,2025-03-08,Regular Season,1610612745,1610612740,146,117,2024-25,Rockets,Houston,Pelicans,New Orleans
0022400914,2025-03-08,Regular Season,1610612737,1610612754,120,118,2024-25,Hawks,Atlanta,Pacers,Indiana
0022400917,2025-03-08,Regular Season,1610612749,1610612753,109,111,2024-25,Bucks,Milwaukee,Magic,Orlando
0022400915,2025-03-08,Regular Season,1610612761,1610612764,117,118,2024-25,Raptors,Toronto,Wizards,Washington
0022400919,2025-03-08,Regular Season,1610612744,1610612765,115,110,2024-25,Warriors,Golden State,Pistons,Detroit
0022400918,2025-03-08,Regular Season,1610612738,1610612747,111,101,2024-25,Celtics,Boston,Lakers,Los Angeles
0022400920,2025-03-09,Regular Season,1610612760,1610612743,127,103,2024-25,Thunder,Oklahoma City,Nuggets,Denver
0022400923,2025-03-09,Regular Season,1610612740,1610612763,104,107,2024-25,Pelicans,New Orleans,Grizzlies,Memphis
0022400927,2025-03-09,Regular Season,1610612746,1610612758,111,110,2024-25,Clippers,LA,Kings,Sacramento
0022400922,2025-03-09,Regular Season,1610612749,1610612739,100,112,2024-25,Bucks,Milwaukee,Cavaliers,Cleveland
0022400921,2025-03-09,Regular Season,1610612742,1610612756,116,125,2024-25,Mavericks,Dallas,Suns,Phoenix
0022400925,2025-03-09,Regular Season,1610612750,1610612759,141,124,2024-25,Timberwolves,Minnesota,Spurs,San Antonio
0022400924,2025-03-09,Regular Season,1610612755,1610612762,126,122,2024-25,76ers,Philadelphia,Jazz,Utah
0022400926,2025-03-09,Regular Season,1610612757,1610612765,112,119,2024-25,Blazers,Portland Trail,Pistons,Detroit
0022400933,2025-03-10,Regular Season,1610612741,1610612754,121,103,2024-25,Bulls,Chicago,Pacers,Indiana
0022400929,2025-03-10,Regular Season,1610612738,1610612762,114,108,2024-25,Celtics,Boston,Jazz,Utah
0022400934,2025-03-10,Regular Season,1610612745,1610612753,97,84,2024-25,Rockets,Houston,Magic,Orlando
0022400932,2025-03-10,Regular Season,1610612761,1610612764,119,104,2024-25,Raptors,Toronto,Wizards,Washington
0022400936,2025-03-10,Regular Season,1610612760,1610612743,127,140,2024-25,Thunder,Oklahoma City,Nuggets,Denver
0022400928,2025-03-10,Regular Season,1610612737,1610612755,132,123,2024-25,Hawks,Atlanta,76ers,Philadelphia
0022400931,2025-03-10,Regular Season,1610612748,1610612766,102,105,2024-25,Heat,Miami,Hornets,Charlotte
0022400939,2025-03-10,Regular Season,1610612758,1610612752,104,133,2024-25,Kings,Sacramento,Knicks,New York
0022400935,2025-03-10,Regular Season,1610612763,1610612756,120,118,2024-25,Grizzlies,Memphis,Suns,Phoenix
0022400937,2025-03-10,Regular Season,1610612759,1610612742,129,133,2024-25,Spurs,San Antonio,Mavericks,Dallas
0022400938,2025-03-10,Regular Season,1610612744,1610612757,130,120,2024-25,Warriors,Golden State,Blazers,Portland Trail
0022400930,2025-03-10,Regular Season,1610612751,1610612747,111,108,2024-25,Nets,Brooklyn,Lakers,Los Angeles
0022400942,2025-03-11,Regular Season,1610612754,1610612749,115,114,2024-25,Pacers,Indiana,Bucks,Milwaukee
0022400941,2025-03-11,Regular Season,1610612765,1610612764,123,103,2024-25,Pistons,Detroit,Wizards,Washington
0022400940,2025-03-11,Regular Season,1610612739,1610612751,109,104,2024-25,Cavaliers,Cleveland,Nets,Brooklyn
0022400943,2025-03-11,Regular Season,1610612740,1610612746,127,120,2024-25,Pelicans,New Orleans,Clippers,LA
0022400953,2025-03-12,Regular Season,1610612757,1610612752,113,114,2024-25,Blazers,Portland Trail,Knicks,New York
0022400951,2025-03-12,Regular Season,1610612759,1610612742,126,116,2024-25,Spurs,San Antonio,Mavericks,Dallas
0022400945,2025-03-12,Regular Season,1610612737,1610612766,123,110,2024-25,Hawks,Atlanta,Hornets,Charlotte
0022400948,2025-03-12,Regular Season,1610612748,1610612746,104,119,2024-25,Heat,Miami,Clippers,LA
0022400952,2025-03-12,Regular Season,1610612743,1610612750,95,115,2024-25,Nuggets,Denver,Timberwolves,Minnesota
0022400950,2025-03-12,Regular Season,1610612763,1610612762,122,115,2024-25,Grizzlies,Memphis,Jazz,Utah
0022400947,2025-03-12,Regular Season,1610612761,1610612755,118,105,2024-25,Raptors,Toronto,76ers,Philadelphia
0022400946,2025-03-12,Regular Season,1610612738,1610612760,112,118,2024-25,Celtics,Boston,Thunder,Oklahoma City
0022400949,2025-03-12,Regular Season,1610612745,1610612756,111,104,2024-25,Rockets,Houston,Suns,Phoenix
0022401141,2025-03-13,Regular Season,1610612740,1610612753,93,113,2024-25,Pelicans,New Orleans,Magic,Orlando
0022400956,2025-03-13,Regular Season,1610612741,1610612751,116,110,2024-25,Bulls,Chicago,Nets,Brooklyn
0022400955,2025-03-13,Regular Season,1610612749,1610612747,126,106,2024-25,Bucks,Milwaukee,Lakers,Los Angeles
0022400957,2025-03-13,Regular Season,1610612744,1610612758,130,104,2024-25,Warriors,Golden State,Kings,Sacramento
0022400954,2025-03-13,Regular Season,1610612765,1610612764,125,129,2024-25,Pistons,Detroit,Wizards,Washington
0022400964,2025-03-14,Regular Season,1610612759,1610612766,134,145,2024-25,Spurs,San Antonio,Hornets,Charlotte
0022400959,2025-03-14,Regular Season,1610612755,1610612754,100,112,2024-25,76ers,Philadelphia,Pacers,Indiana
0022400967,2025-03-14,Regular Season,1610612756,1610612758,122,106,2024-25,Suns,Phoenix,Kings,Sacramento
0022400963,2025-03-14,Regular Season,1610612750,1610612753,118,111,2024-25,Timberwolves,Minnesota,Magic,Orlando
0022400966,2025-03-14,Regular Season,1610612762,1610612761,118,126,2024-25,Jazz,Utah,Raptors,Toronto
0022400965,2025-03-14,Regular Season,1610612743,1610612747,131,126,2024-25,Nuggets,Denver,Lakers,Los Angeles
0022400961,2025-03-14,Regular Season,1610612745,1610612742,133,96,2024-25,Rockets,Houston,Mavericks,Dallas
0022400960,2025-03-14,Regular Season,1610612737,1610612746,98,121,2024-25,Hawks,Atlanta,Clippers,LA
0022400962,2025-03-14,Regular Season,1610612763,1610612739,124,133,2024-25,Grizzlies,Memphis,Cavaliers,Cleveland
0022400958,2025-03-14,Regular Season,1610612748,1610612738,91,103,2024-25,Heat,Miami,Celtics,Boston
0022400975,2025-03-15,Regular Season,1610612743,1610612764,123,126,2024-25,Nuggets,Denver,Wizards,Washington
0022400971,2025-03-15,Regular Season,1610612763,1610612748,125,91,2024-25,Grizzlies,Memphis,Heat,Miami
0022400974,2025-03-15,Regular Season,1610612744,1610612752,97,94,2024-25,Warriors,Golden State,Knicks,New York
0022400973,2025-03-15,Regular Season,1610612759,1610612740,119,115,2024-25,Spurs,San Antonio,Pelicans,New Orleans
0022400968,2025-03-15,Regular Season,1610612751,1610612738,113,115,2024-25,Nets,Brooklyn,Celtics,Boston
0022400970,2025-03-15,Regular Season,1610612745,1610612741,117,114,2024-25,Rockets,Houston,Bulls,Chicago
0022400972,2025-03-15,Regular Season,1610612749,1610612754,126,119,2024-25,Bucks,Milwaukee,Pacers,Indiana
0022400969,2025-03-15,Regular Season,1610612765,1610612760,107,113,2024-25,Pistons,Detroit,Thunder,Oklahoma City
0022400979,2025-03-16,Regular Season,1610612739,1610612753,103,108,2024-25,Cavaliers,Cleveland,Magic,Orlando
0022400977,2025-03-16,Regular Season,1610612747,1610612756,107,96,2024-25,Lakers,Los Angeles,Suns,Phoenix
0022400982,2025-03-16,Regular Season,1610612749,1610612760,105,121,2024-25,Bucks,Milwaukee,Thunder,Oklahoma City
0022400538,2025-03-16,Regular Season,1610612746,1610612766,123,88,2024-25,Clippers,LA,Hornets,Charlotte
0022400980,2025-03-16,Regular Season,1610612757,1610612761,105,102,2024-25,Blazers,Portland Trail,Raptors,Toronto
0022400978,2025-03-16,Regular Season,1610612751,1610612737,122,114,2024-25,Nets,Brooklyn,Hawks,Atlanta
0022400981,2025-03-16,Regular Season,1610612750,1610612762,128,102,2024-25,Timberwolves,Minnesota,Jazz,Utah
0022400976,2025-03-16,Regular Season,1610612742,1610612755,125,130,2024-25,Mavericks,Dallas,76ers,Philadelphia
0022400984,2025-03-17,Regular Season,1610612752,1610612748,116,95,2024-25,Knicks,New York,Heat,Miami
0022400537,2025-03-17,Regular Season,1610612747,1610612759,125,109,2024-25,Lakers,Los Angeles,Spurs,San Antonio
0022400992,2025-03-17,Regular Season,1610612758,1610612763,132,122,2024-25,Kings,Sacramento,Grizzlies,Memphis
0022400989,2025-03-17,Regular Season,1610612762,1610612741,97,111,2024-25,Jazz,Utah,Bulls,Chicago
0022400991,2025-03-17,Regular Season,1610612756,1610612761,129,89,2024-25,Suns,Phoenix,Raptors,Toronto
0022400990,2025-03-17,Regular Season,1610612744,1610612743,105,114,2024-25,Warriors,Golden State,Nuggets,Denver
0022400986,2025-03-17,Regular Season,1610612750,1610612754,130,132,2024-25,Timberwolves,Minnesota,Pacers,Indiana
0022400985,2025-03-17,Regular Season,1610612745,1610612755,144,137,2024-25,Rockets,Houston,76ers,Philadelphia
0022400995,2025-03-17,Regular Season,1610612757,1610612764,112,97,2024-25,Blazers,Portland Trail,Wizards,Washington
0022400987,2025-03-17,Regular Season,1610612740,1610612765,81,127,2024-25,Pelicans,New Orleans,Pistons,Detroit
0022400997,2025-03-18,Regular Season,1610612746,1610612739,132,119,2024-25,Clippers,LA,Cavaliers,Cleveland
0022401012,2025-03-18,Regular Season,1610612744,1610612749,104,93,2024-25,Warriors,Golden State,Bucks,Milwaukee
0022400994,2025-03-18,Regular Season,1610612738,1610612751,104,96,2024-25,Celtics,Boston,Nets,Brooklyn
0022400993,2025-03-18,Regular Season,1610612766,1610612737,102,134,2024-25,Hornets,Charlotte,Hawks,Atlanta
0022400998,2025-03-19,Regular Season,1610612754,1610612742,135,131,2024-25,Pacers,Indiana,Mavericks,Dallas
0022400627,2025-03-19,Regular Season,1610612762,1610612764,128,112,2024-25,Jazz,Utah,Wizards,Washington
0022401006,2025-03-19,Regular Season,1610612747,1610612743,120,108,2024-25,Lakers,Los Angeles,Nuggets,Denver
0022401001,2025-03-19,Regular Season,1610612750,1610612740,115,119,2024-25,Timberwolves,Minnesota,Pelicans,New Orleans
0022401007,2025-03-19,Regular Season,1610612756,1610612741,127,121,2024-25,Suns,Phoenix,Bulls,Chicago
0022401002,2025-03-19,Regular Season,1610612760,1610612755,133,100,2024-25,Thunder,Oklahoma City,76ers,Philadelphia
0022401009,2025-03-19,Regular Season,1610612758,1610612739,123,119,2024-25,Kings,Sacramento,Cavaliers,Cleveland
0022400999,2025-03-19,Regular Season,1610612753,1610612745,108,116,2024-25,Magic,Orlando,Rockets,Houston
0022401003,2025-03-19,Regular Season,1610612759,1610612752,120,105,2024-25,Spurs,San Antonio,Knicks,New York
0022401008,2025-03-19,Regular Season,1610612757,1610612763,115,99,2024-25,Blazers,Portland Trail,Grizzlies,Memphis
0022401000,2025-03-19,Regular Season,1610612748,1610612765,113,116,2024-25,Heat,Miami,Pistons,Detroit
0022400996,2025-03-20,Regular Season,1610612747,1610612749,89,118,2024-25,Lakers,Los Angeles,Bucks,Milwaukee
0022401011,2025-03-20,Regular Season,1610612754,1610612751,105,99,2024-25,Pacers,Indiana,Nets,Brooklyn
0022401005,2025-03-20,Regular Season,1610612744,1610612761,117,114,2024-25,Warriors,Golden State,Raptors,Toronto
0022401010,2025-03-20,Regular Season,1610612766,1610612752,115,98,2024-25,Hornets,Charlotte,Knicks,New York
0022401013,2025-03-20,Regular Season,1610612758,1610612741,116,128,2024-25,Kings,Sacramento,Bulls,Chicago
0022401021,2025-03-21,Regular Season,1610612756,1610612739,123,112,2024-25,Suns,Phoenix,Cavaliers,Cleveland
0022401019,2025-03-21,Regular Season,1610612742,1610612765,123,117,2024-25,Mavericks,Dallas,Pistons,Detroit
0022401018,2025-03-21,Regular Season,1610612759,1610612755,128,120,2024-25,Spurs,San Antonio,76ers,Philadelphia
0022401020,2025-03-21,Regular Season,1610612762,1610612738,99,121,2024-25,Jazz,Utah,Celtics,Boston
0022401015,2025-03-21,Regular Season,1610612748,1610612745,98,102,2024-25,Heat,Miami,Rockets,Houston
0022401023,2025-03-21,Regular Season,1610612746,1610612763,128,108,2024-25,Clippers,LA,Grizzlies,Memphis
0022401017,2025-03-21,Regular Season,1610612760,1610612766,141,106,2024-25,Thunder,Oklahoma City,Hornets,Charlotte
0022401014,2025-03-21,Regular Season,1610612764,1610612753,105,120,2024-25,Wizards,Washington,Magic,Orlando
0022401016,2025-03-21,Regular Season,1610612750,1610612740,134,93,2024-25,Timberwolves,Minnesota,Pelicans,New Orleans
0022401022,2025-03-21,Regular Season,1610612757,1610612743,128,109,2024-25,Blazers,Portland Trail,Nuggets,Denver
0022401028,2025-03-22,Regular Season,1610612747,1610612741,115,146,2024-25,Lakers,Los Angeles,Bulls,Chicago
0022401027,2025-03-22,Regular Season,1610612758,1610612749,108,114,2024-25,Kings,Sacramento,Bucks,Milwaukee
0022401026,2025-03-22,Regular Season,1610612752,1610612764,122,103,2024-25,Knicks,New York,Wizards,Washington
0022401025,2025-03-22,Regular Season,1610612737,1610612744,124,115,2024-25,Hawks,Atlanta,Warriors,Golden State
0022401024,2025-03-22,Regular Season,1610612754,1610612751,108,103,2024-25,Pacers,Indiana,Nets,Brooklyn
0022401032,2025-03-23,Regular Season,1610612748,1610612766,122,105,2024-25,Heat,Miami,Hornets,Charlotte
0022401031,2025-03-23,Regular Season,1610612737,1610612755,132,119,2024-25,Hawks,Atlanta,76ers,Philadelphia
0022401035,2025-03-23,Regular Season,1610612745,1610612743,111,116,2024-25,Rockets,Houston,Nuggets,Denver
0022401030,2025-03-23,Regular Season,1610612762,1610612739,91,120,2024-25,Jazz,Utah,Cavaliers,Cleveland
0022401036,2025-03-23,Regular Season,1610612746,1610612760,101,103,2024-25,Clippers,LA,Thunder,Oklahoma City
0022401033,2025-03-23,Regular Season,1610612761,1610612759,89,123,2024-25,Raptors,Toronto,Spurs,San Antonio
0022401034,2025-03-23,Regular Season,1610612757,1610612738,116,129,2024-25,Blazers,Portland Trail,Celtics,Boston
0022401029,2025-03-23,Regular Season,1610612765,1610612740,136,130,2024-25,Pistons,Detroit,Pelicans,New Orleans
0022401037,2025-03-24,Regular Season,1610612754,1610612750,119,103,2024-25,Pacers,Indiana,Timberwolves,Minnesota
0022401040,2025-03-24,Regular Season,1610612751,1610612742,101,120,2024-25,Nets,Brooklyn,Mavericks,Dallas
0022401038,2025-03-24,Regular Season,1610612753,1610612747,118,106,2024-25,Magic,Orlando,Lakers,Los Angeles
0022401041,2025-03-24,Regular Season,1610612740,1610612755,112,99,2024-25,Pelicans,New Orleans,76ers,Philadelphia
0022401042,2025-03-24,Regular Season,1610612743,1610612741,119,129,2024-25,Nuggets,Denver,Bulls,Chicago
0022401043,2025-03-24,Regular Season,1610612756,1610612749,108,106,2024-25,Suns,Phoenix,Bucks,Milwaukee
0022401044,2025-03-24,Regular Season,1610612758,1610612738,95,113,2024-25,Kings,Sacramento,Celtics,Boston
0022401039,2025-03-24,Regular Season,1610612764,1610612761,104,112,2024-25,Wizards,Washington,Raptors,Toronto
0022401047,2025-03-25,Regular Season,1610612748,1610612744,112,86,2024-25,Heat,Miami,Warriors,Golden State
0022401050,2025-03-25,Regular Season,1610612762,1610612763,103,140,2024-25,Jazz,Utah,Grizzlies,Memphis
0022401045,2025-03-25,Regular Season,1610612766,1610612753,104,111,2024-25,Hornets,Charlotte,Magic,Orlando
0022401052,2025-03-25,Regular Season,1610612758,1610612760,105,121,2024-25,Kings,Sacramento,Thunder,Oklahoma City
0022401049,2025-03-25,Regular Season,1610612745,1610612737,121,114,2024-25,Rockets,Houston,Hawks,Atlanta
0022401046,2025-03-25,Regular Season,1610612765,1610612759,122,96,2024-25,Pistons,Detroit,Spurs,San Antonio
0022401048,2025-03-25,Regular Season,1610612752,1610612742,128,113,2024-25,Knicks,New York,Mavericks,Dallas
0022401051,2025-03-25,Regular Season,1610612757,1610612739,111,122,2024-25,Blazers,Portland Trail,Cavaliers,Cleveland
0022401056,2025-03-26,Regular Season,1610612752,1610612746,113,126,2024-25,Knicks,New York,Clippers,LA
0022401055,2025-03-26,Regular Season,1610612754,1610612747,119,120,2024-25,Pacers,Indiana,Lakers,Los Angeles
0022401057,2025-03-26,Regular Season,1610612743,1610612749,127,117,2024-25,Nuggets,Denver,Bucks,Milwaukee
0022401053,2025-03-26,Regular Season,1610612755,1610612764,114,119,2024-25,76ers,Philadelphia,Wizards,Washington
0022401058,2025-03-26,Regular Season,1610612756,1610612738,102,132,2024-25,Suns,Phoenix,Celtics,Boston
0022401054,2025-03-26,Regular Season,1610612751,1610612761,86,116,2024-25,Nets,Brooklyn,Raptors,Toronto
0022401065,2025-03-27,Regular Season,1610612762,1610612745,110,121,2024-25,Jazz,Utah,Rockets,Houston
0022401061,2025-03-27,Regular Season,1610612764,1610612754,109,162,2024-25,Wizards,Washington,Pacers,Indiana
0022401059,2025-03-27,Regular Season,1610612739,1610612759,124,116,2024-25,Cavaliers,Cleveland,Spurs,San Antonio
0022401063,2025-03-27,Regular Season,1610612741,1610612747,119,117,2024-25,Bulls,Chicago,Lakers,Los Angeles
0022401066,2025-03-27,Regular Season,1610612758,1610612757,128,107,2024-25,Kings,Sacramento,Blazers,Portland Trail
0022401062,2025-03-27,Regular Season,1610612748,1610612737,122,112,2024-25,Heat,Miami,Hawks,Atlanta
0022401064,2025-03-27,Regular Season,1610612760,1610612763,125,104,2024-25,Thunder,Oklahoma City,Grizzlies,Memphis
0022401060,2025-03-27,Regular Season,1610612753,1610612742,92,101,2024-25,Magic,Orlando,Mavericks,Dallas
0022401067,2025-03-28,Regular Season,1610612765,1610612739,133,122,2024-25,Pistons,Detroit,Cavaliers,Cleveland
0022401070,2025-03-28,Regular Season,1610612749,1610612752,107,116,2024-25,Bucks,Milwaukee,Knicks,New York
0022401072,2025-03-28,Regular Season,1610612740,1610612744,95,111,2024-25,Pelicans,New Orleans,Warriors,Golden State
0022401073,2025-03-28,Regular Season,1610612743,1610612762,129,93,2024-25,Nuggets,Denver,Jazz,Utah
0022401071,2025-03-28,Regular Season,1610612750,1610612756,124,109,2024-25,Timberwolves,Minnesota,Suns,Phoenix
0022401068,2025-03-28,Regular Season,1610612751,1610612746,100,132,2024-25,Nets,Brooklyn,Clippers,LA
0022401069,2025-03-28,Regular Season,1610612761,1610612766,108,97,2024-25,Raptors,Toronto,Hornets,Charlotte
0022401080,2025-03-29,Regular Season,1610612759,1610612738,111,121,2024-25,Spurs,San Antonio,Celtics,Boston
0022401079,2025-03-29,Regular Season,1610612760,1610612754,132,111,2024-25,Thunder,Oklahoma City,Pacers,Indiana
0022401075,2025-03-29,Regular Season,1610612764,1610612751,112,115,2024-25,Wizards,Washington,Nets,Brooklyn
0022401074,2025-03-29,Regular Season,1610612753,1610612758,121,91,2024-25,Magic,Orlando,Kings,Sacramento
0022401078,2025-03-29,Regular Season,1610612763,1610612747,127,134,2024-25,Grizzlies,Memphis,Lakers,Los Angeles
0022401077,2025-03-29,Regular Season,1610612741,1610612742,119,120,2024-25,Bulls,Chicago,Mavericks,Dallas
0022401076,2025-03-29,Regular Season,1610612755,1610612748,95,118,2024-25,76ers,Philadelphia,Heat,Miami
0022401087,2025-03-30,Regular Season,1610612755,1610612761,109,127,2024-25,76ers,Philadelphia,Raptors,Toronto
0022401083,2025-03-30,Regular Season,1610612749,1610612737,124,145,2024-25,Bucks,Milwaukee,Hawks,Atlanta
0022401085,2025-03-30,Regular Season,1610612740,1610612766,98,94,2024-25,Pelicans,New Orleans,Hornets,Charlotte
0022401081,2025-03-30,Regular Season,1610612739,1610612746,127,122,2024-25,Cavaliers,Cleveland,Clippers,LA
0022401088,2025-03-30,Regular Season,1610612756,1610612745,109,148,2024-25,Suns,Phoenix,Rockets,Houston
0022401084,2025-03-30,Regular Season,1610612750,1610612765,123,104,2024-25,Timberwolves,Minnesota,Pistons,Detroit
0022401086,2025-03-30,Regular Season,1610612759,1610612744,106,148,2024-25,Spurs,San Antonio,Warriors,Golden State
0022401082,2025-03-30,Regular Season,1610612752,1610612757,110,93,2024-25,Knicks,New York,Blazers,Portland Trail
0022401093,2025-03-31,Regular Season,1610612763,1610612738,103,117,2024-25,Grizzlies,Memphis,Celtics,Boston
0022401089,2025-03-31,Regular Season,1610612766,1610612762,110,106,2024-25,Hornets,Charlotte,Jazz,Utah
0022401095,2025-03-31,Regular Season,1610612742,1610612751,109,113,2024-25,Mavericks,Dallas,Nets,Brooklyn
0022401096,2025-03-31,Regular Season,1610612747,1610612745,104,98,2024-25,Lakers,Los Angeles,Rockets,Houston
0022401091,2025-03-31,Regular Season,1610612753,1610612746,87,96,2024-25,Magic,Orlando,Clippers,LA
0022401092,2025-03-31,Regular Season,1610612764,1610612748,94,120,2024-25,Wizards,Washington,Heat,Miami
0022401090,2025-03-31,Regular Season,1610612754,1610612758,111,109,2024-25,Pacers,Indiana,Kings,Sacramento
0022401094,2025-03-31,Regular Season,1610612760,1610612741,145,117,2024-25,Thunder,Oklahoma City,Bulls,Chicago
0022401100,2025-04-01,Regular Season,1610612763,1610612744,125,134,2024-25,Grizzlies,Memphis,Warriors,Golden State
0022401098,2025-04-01,Regular Season,1610612752,1610612755,105,91,2024-25,Knicks,New York,76ers,Philadelphia
0022401102,2025-04-01,Regular Season,1610612743,1610612750,139,140,2024-25,Nuggets,Denver,Timberwolves,Minnesota
0022401101,2025-04-01,Regular Season,1610612749,1610612756,133,123,2024-25,Bucks,Milwaukee,Suns,Phoenix
0022401097,2025-04-01,Regular Season,1610612737,1610612757,113,127,2024-25,Hawks,Atlanta,Blazers,Portland Trail
0022401099,2025-04-01,Regular Season,1610612741,1610612761,137,118,2024-25,Bulls,Chicago,Raptors,Toronto
0022400988,2025-04-01,Regular Season,1610612759,1610612753,105,116,2024-25,Spurs,San Antonio,Magic,Orlando
0022401105,2025-04-02,Regular Season,1610612764,1610612758,116,111,2024-25,Wizards,Washington,Kings,Sacramento
0022401104,2025-04-02,Regular Season,1610612754,1610612766,119,105,2024-25,Pacers,Indiana,Hornets,Charlotte
0022401111,2025-04-02,Regular Season,1610612746,1610612740,114,98,2024-25,Clippers,LA,Pelicans,New Orleans
0022401109,2025-04-02,Regular Season,1610612742,1610612737,120,118,2024-25,Mavericks,Dallas,Hawks,Atlanta
0022401107,2025-04-02,Regular Season,1610612745,1610612762,143,105,2024-25,Rockets,Houston,Jazz,Utah
0022401110,2025-04-02,Regular Season,1610612743,1610612759,106,113,2024-25,Nuggets,Denver,Spurs,San Antonio
0022401108,2025-04-02,Regular Season,1610612760,1610612765,119,103,2024-25,Thunder,Oklahoma City,Pistons,Detroit
0022401106,2025-04-02,Regular Season,1610612738,1610612748,103,124,2024-25,Celtics,Boston,Heat,Miami
0022401103,2025-04-02,Regular Season,1610612739,1610612752,124,105,2024-25,Cavaliers,Cleveland,Knicks,New York
0022401112,2025-04-03,Regular Season,1610612764,1610612753,97,109,2024-25,Wizards,Washington,Magic,Orlando
0022401115,2025-04-03,Regular Season,1610612755,1610612749,113,126,2024-25,76ers,Philadelphia,Bucks,Milwaukee
0022401113,2025-04-03,Regular Season,1610612751,1610612750,90,105,2024-25,Nets,Brooklyn,Timberwolves,Minnesota
0022401117,2025-04-03,Regular Season,1610612747,1610612744,116,123,2024-25,Lakers,Los Angeles,Warriors,Golden State
0022401116,2025-04-03,Regular Season,1610612761,1610612757,103,112,2024-25,Raptors,Toronto,Blazers,Portland Trail
0022401114,2025-04-03,Regular Season,1610612748,1610612763,108,110,2024-25,Heat,Miami,Grizzlies,Memphis
0022401122,2025-04-04,Regular Season,1610612741,1610612757,118,113,2024-25,Bulls,Chicago,Blazers,Portland Trail
0022401124,2025-04-04,Regular Season,1610612759,1610612739,113,114,2024-25,Spurs,San Antonio,Cavaliers,Cleveland
0022401118,2025-04-04,Regular Season,1610612766,1610612758,102,125,2024-25,Hornets,Charlotte,Kings,Sacramento
0022401119,2025-04-04,Regular Season,1610612754,1610612762,140,112,2024-25,Pacers,Indiana,Jazz,Utah
0022401120,2025-04-04,Regular Season,1610612738,1610612756,123,103,2024-25,Celtics,Boston,Suns,Phoenix
0022401125,2025-04-04,Regular Season,1610612744,1610612743,118,104,2024-25,Warriors,Golden State,Nuggets,Denver
0022401123,2025-04-04,Regular Season,1610612745,1610612760,125,111,2024-25,Rockets,Houston,Thunder,Oklahoma City
0022401127,2025-04-04,Regular Season,1610612746,1610612742,114,91,2024-25,Clippers,LA,Mavericks,Dallas
0022401126,2025-04-04,Regular Season,1610612747,1610612740,124,108,2024-25,Lakers,Los Angeles,Pelicans,New Orleans
0022401121,2025-04-04,Regular Season,1610612761,1610612765,105,117,2024-25,Raptors,Toronto,Pistons,Detroit
0022401131,2025-04-05,Regular Season,1610612748,1610612749,115,121,2024-25,Heat,Miami,Bucks,Milwaukee
0022401130,2025-04-05,Regular Season,1610612755,1610612750,109,114,2024-25,76ers,Philadelphia,Timberwolves,Minnesota
0022401132,2025-04-05,Regular Season,1610612746,1610612742,135,104,2024-25,Clippers,LA,Mavericks,Dallas
0022401129,2025-04-05,Regular Season,1610612765,1610612763,103,109,2024-25,Pistons,Detroit,Grizzlies,Memphis
0022401128,2025-04-05,Regular Season,1610612737,1610612752,105,121,2024-25,Hawks,Atlanta,Knicks,New York
0022401137,2025-04-06,Regular Season,1610612738,1610612764,124,90,2024-25,Celtics,Boston,Wizards,Washington
0022400617,2025-04-06,Regular Season,1610612740,1610612749,107,111,2024-25,Pelicans,New Orleans,Bucks,Milwaukee
0022401135,2025-04-06,Regular Season,1610612760,1610612747,99,126,2024-25,Thunder,Oklahoma City,Lakers,Los Angeles
0022401143,2025-04-06,Regular Season,1610612744,1610612745,96,106,2024-25,Warriors,Golden State,Rockets,Houston
0022401142,2025-04-06,Regular Season,1610612743,1610612754,120,125,2024-25,Nuggets,Denver,Pacers,Indiana
0022401139,2025-04-06,Regular Season,1610612757,1610612759,120,109,2024-25,Blazers,Portland Trail,Spurs,San Antonio
0022401136,2025-04-06,Regular Season,1610612737,1610612762,147,134,2024-25,Hawks,Atlanta,Jazz,Utah
0022401140,2025-04-06,Regular Season,1610612752,1610612756,112,98,2024-25,Knicks,New York,Suns,Phoenix
0022401134,2025-04-06,Regular Season,1610612751,1610612761,109,120,2024-25,Nets,Brooklyn,Raptors,Toronto
0022401138,2025-04-06,Regular Season,1610612739,1610612758,113,120,2024-25,Cavaliers,Cleveland,Kings,Sacramento
0022401133,2025-04-06,Regular Season,1610612766,1610612741,117,131,2024-25,Hornets,Charlotte,Bulls,Chicago
0022401145,2025-04-07,Regular Season,1610612748,1610612755,117,105,2024-25,Heat,Miami,76ers,Philadelphia
0022401144,2025-04-07,Regular Season,1610612765,1610612758,117,127,2024-25,Pistons,Detroit,Kings,Sacramento
0022401152,2025-04-08,Regular Season,1610612749,1610612750,110,103,2024-25,Bucks,Milwaukee,Timberwolves,Minnesota
0022401146,2025-04-08,Regular Season,1610612766,1610612763,100,124,2024-25,Hornets,Charlotte,Grizzlies,Memphis
0022401148,2025-04-08,Regular Season,1610612754,1610612764,104,98,2024-25,Pacers,Indiana,Wizards,Washington
0022401147,2025-04-08,Regular Season,1610612739,1610612741,135,113,2024-25,Cavaliers,Cleveland,Bulls,Chicago
0022401155,2025-04-08,Regular Season,1610612746,1610612759,122,117,2024-25,Clippers,LA,Spurs,San Antonio
0022401153,2025-04-08,Regular Season,1610612760,1610612747,136,120,2024-25,Thunder,Oklahoma City,Lakers,Los Angeles
0022401154,2025-04-08,Regular Season,1610612756,1610612744,95,133,2024-25,Suns,Phoenix,Warriors,Golden State
0022401150,2025-04-08,Regular Season,1610612751,1610612740,119,114,2024-25,Nets,Brooklyn,Pelicans,New Orleans
0022401151,2025-04-08,Regular Season,1610612752,1610612738,117,119,2024-25,Knicks,New York,Celtics,Boston
0022401149,2025-04-08,Regular Season,1610612753,1610612737,119,112,2024-25,Magic,Orlando,Hawks,Atlanta
0022401160,2025-04-09,Regular Season,1610612741,1610612748,119,111,2024-25,Bulls,Chicago,Heat,Miami
0022401162,2025-04-09,Regular Season,1610612762,1610612757,133,126,2024-25,Jazz,Utah,Blazers,Portland Trail
0022401163,2025-04-09,Regular Season,1610612744,1610612759,111,114,2024-25,Warriors,Golden State,Spurs,San Antonio
0022401166,2025-04-09,Regular Season,1610612746,1610612745,134,117,2024-25,Clippers,LA,Rockets,Houston
0022401158,2025-04-09,Regular Season,1610612761,1610612766,126,96,2024-25,Raptors,Toronto,Hornets,Charlotte
0022401157,2025-04-09,Regular Season,1610612764,1610612755,103,122,2024-25,Wizards,Washington,76ers,Philadelphia
0022401165,2025-04-09,Regular Season,1610612758,1610612743,116,124,2024-25,Kings,Sacramento,Nuggets,Denver
0022401159,2025-04-09,Regular Season,1610612742,1610612747,97,112,2024-25,Mavericks,Dallas,Lakers,Los Angeles
0022401164,2025-04-09,Regular Season,1610612756,1610612760,112,125,2024-25,Suns,Phoenix,Thunder,Oklahoma City
0022401156,2025-04-09,Regular Season,1610612753,1610612738,96,76,2024-25,Magic,Orlando,Celtics,Boston
0022401168,2025-04-10,Regular Season,1610612754,1610612739,114,112,2024-25,Pacers,Indiana,Cavaliers,Cleveland
0022401169,2025-04-10,Regular Season,1610612751,1610612737,109,133,2024-25,Nets,Brooklyn,Hawks,Atlanta
0022401167,2025-04-10,Regular Season,1610612765,1610612752,115,106,2024-25,Pistons,Detroit,Knicks,New York
0022401161,2025-04-10,Regular Season,1610612749,1610612740,136,111,2024-25,Bucks,Milwaukee,Pelicans,New Orleans
0022401170,2025-04-10,Regular Season,1610612763,1610612750,125,141,2024-25,Grizzlies,Memphis,Timberwolves,Minnesota
0022401185,2025-04-11,Regular Season,1610612747,1610612745,140,109,2024-25,Lakers,Los Angeles,Rockets,Houston
0022401173,2025-04-11,Regular Season,1610612755,1610612737,110,124,2024-25,76ers,Philadelphia,Hawks,Atlanta
0022401177,2025-04-11,Regular Season,1610612740,1610612748,104,153,2024-25,Pelicans,New Orleans,Heat,Miami
0022401183,2025-04-11,Regular Season,1610612757,1610612744,86,103,2024-25,Blazers,Portland Trail,Warriors,Golden State
0022401174,2025-04-11,Regular Season,1610612738,1610612766,130,94,2024-25,Celtics,Boston,Hornets,Charlotte
0022401172,2025-04-11,Regular Season,1610612754,1610612753,115,129,2024-25,Pacers,Indiana,Magic,Orlando
0022401181,2025-04-11,Regular Season,1610612762,1610612760,111,145,2024-25,Jazz,Utah,Thunder,Oklahoma City
0022401179,2025-04-11,Regular Season,1610612750,1610612751,117,91,2024-25,Timberwolves,Minnesota,Nets,Brooklyn
0022401178,2025-04-11,Regular Season,1610612742,1610612761,124,102,2024-25,Mavericks,Dallas,Raptors,Toronto
0022401182,2025-04-11,Regular Season,1610612756,1610612759,117,98,2024-25,Suns,Phoenix,Spurs,San Antonio
0022401176,2025-04-11,Regular Season,1610612741,1610612764,119,89,2024-25,Bulls,Chicago,Wizards,Washington
0022401175,2025-04-11,Regular Season,1610612752,1610612739,102,108,2024-25,Knicks,New York,Cavaliers,Cleveland
0022401184,2025-04-11,Regular Season,1610612758,1610612746,100,101,2024-25,Kings,Sacramento,Clippers,LA
0022401180,2025-04-11,Regular Season,1610612743,1610612763,117,109,2024-25,Nuggets,Denver,Grizzlies,Memphis
0022401171,2025-04-11,Regular Season,1610612765,1610612749,119,125,2024-25,Pistons,Detroit,Bucks,Milwaukee
0022401199,2025-04-13,Regular Season,1610612757,1610612747,109,81,2024-25,Blazers,Portland Trail,Lakers,Los Angeles
0022401191,2025-04-13,Regular Season,1610612755,1610612741,102,122,2024-25,76ers,Philadelphia,Bulls,Chicago
0022401197,2025-04-13,Regular Season,1610612759,1610612761,125,118,2024-25,Spurs,San Antonio,Raptors,Toronto
0022401193,2025-04-13,Regular Season,1610612745,1610612743,111,126,2024-25,Rockets,Houston,Nuggets,Denver
0022401200,2025-04-13,Regular Season,1610612758,1610612756,109,98,2024-25,Kings,Sacramento,Suns,Phoenix
0022401190,2025-04-13,Regular Season,1610612748,1610612764,118,119,2024-25,Heat,Miami,Wizards,Washington
0022401189,2025-04-13,Regular Season,1610612739,1610612754,118,126,2024-25,Cavaliers,Cleveland,Pacers,Indiana
0022401198,2025-04-13,Regular Season,1610612744,1610612746,119,124,2024-25,Warriors,Golden State,Clippers,LA
0022401194,2025-04-13,Regular Season,1610612763,1610612742,132,97,2024-25,Grizzlies,Memphis,Mavericks,Dallas
0022401186,2025-04-13,Regular Season,1610612737,1610612753,117,105,2024-25,Hawks,Atlanta,Magic,Orlando
0022401196,2025-04-13,Regular Season,1610612740,1610612760,100,115,2024-25,Pelicans,New Orleans,Thunder,Oklahoma City
0022401192,2025-04-13,Regular Season,1610612749,1610612765,140,133,2024-25,Bucks,Milwaukee,Pistons,Detroit
0022401187,2025-04-13,Regular Season,1610612738,1610612766,93,86,2024-25,Celtics,Boston,Hornets,Charlotte
0022401188,2025-04-13,Regular Season,1610612751,1610612752,105,113,2024-25,Nets,Brooklyn,Knicks,New York
0022401195,2025-04-13,Regular Season,1610612750,1610612762,116,105,2024-25,Timberwolves,Minnesota,Jazz,Utah
0042400131,2025-04-19,Playoffs,1610612754,1610612749,117,98,2024-25,Pacers,Indiana,Bucks,Milwaukee
0042400161,2025-04-19,Playoffs,1610612747,1610612750,95,117,2024-25,Lakers,Los Angeles,Timberwolves,Minnesota
0042400121,2025-04-19,Playoffs,1610612752,1610612765,123,112,2024-25,Knicks,New York,Pistons,Detroit
0042400171,2025-04-19,Playoffs,1610612743,1610612746,112,110,2024-25,Nuggets,Denver,Clippers,LA
0042400111,2025-04-20,Playoffs,1610612738,1610612753,103,86,2024-25,Celtics,Boston,Magic,Orlando
0042400101,2025-04-20,Playoffs,1610612739,1610612748,121,100,2024-25,Cavaliers,Cleveland,Heat,Miami
0042400141,2025-04-20,Playoffs,1610612760,1610612763,131,80,2024-25,Thunder,Oklahoma City,Grizzlies,Memphis
0042400151,2025-04-20,Playoffs,1610612745,1610612744,85,95,2024-25,Rockets,Houston,Warriors,Golden State
0042400122,2025-04-21,Playoffs,1610612752,1610612765,94,100,2024-25,Knicks,New York,Pistons,Detroit
0042400172,2025-04-21,Playoffs,1610612743,1610612746,102,105,2024-25,Nuggets,Denver,Clippers,LA
0042400132,2025-04-22,Playoffs,1610612754,1610612749,123,115,2024-25,Pacers,Indiana,Bucks,Milwaukee
0042400142,2025-04-22,Playoffs,1610612760,1610612763,118,99,2024-25,Thunder,Oklahoma City,Grizzlies,Memphis
0042400162,2025-04-22,Playoffs,1610612747,1610612750,94,85,2024-25,Lakers,Los Angeles,Timberwolves,Minnesota
0042400102,2025-04-23,Playoffs,1610612739,1610612748,121,112,2024-25,Cavaliers,Cleveland,Heat,Miami
0042400152,2025-04-23,Playoffs,1610612745,1610612744,109,94,2024-25,Rockets,Houston,Warriors,Golden State
0042400112,2025-04-23,Playoffs,1610612738,1610612753,109,100,2024-25,Celtics,Boston,Magic,Orlando
0042400173,2025-04-24,Playoffs,1610612746,1610612743,117,83,2024-25,Clippers,LA,Nuggets,Denver
0042400143,2025-04-24,Playoffs,1610612763,1610612760,108,114,2024-25,Grizzlies,Memphis,Thunder,Oklahoma City
0042400123,2025-04-24,Playoffs,1610612765,1610612752,116,118,2024-25,Pistons,Detroit,Knicks,New York
0042400113,2025-04-25,Playoffs,1610612753,1610612738,95,93,2024-25,Magic,Orlando,Celtics,Boston
0042400133,2025-04-25,Playoffs,1610612749,1610612754,117,101,2024-25,Bucks,Milwaukee,Pacers,Indiana
0042400163,2025-04-25,Playoffs,1610612750,1610612747,116,104,2024-25,Timberwolves,Minnesota,Lakers,Los Angeles
0042400174,2025-04-26,Playoffs,1610612746,1610612743,99,101,2024-25,Clippers,LA,Nuggets,Denver
0042400144,2025-04-26,Playoffs,1610612763,1610612760,115,117,2024-25,Grizzlies,Memphis,Thunder,Oklahoma City
0042400153,2025-04-26,Playoffs,1610612744,1610612745,104,93,2024-25,Warriors,Golden State,Rockets,Houston
0042400103,2025-04-26,Playoffs,1610612748,1610612739,87,124,2024-25,Heat,Miami,Cavaliers,Cleveland
0042400164,2025-04-27,Playoffs,1610612750,1610612747,116,113,2024-25,Timberwolves,Minnesota,Lakers,Los Angeles
0042400124,2025-04-27,Playoffs,1610612765,1610612752,93,94,2024-25,Pistons,Detroit,Knicks,New York
0042400114,2025-04-27,Playoffs,1610612753,1610612738,98,107,2024-25,Magic,Orlando,Celtics,Boston
0042400134,2025-04-27,Playoffs,1610612749,1610612754,103,129,2024-25,Bucks,Milwaukee,Pacers,Indiana
0042400104,2025-04-28,Playoffs,1610612748,1610612739,83,138,2024-25,Heat,Miami,Cavaliers,Cleveland
0042400154,2025-04-28,Playoffs,1610612744,1610612745,109,106,2024-25,Warriors,Golden State,Rockets,Houston
0042400125,2025-04-29,Playoffs,1610612752,1610612765,103,106,2024-25,Knicks,New York,Pistons,Detroit
0042400135,2025-04-29,Playoffs,1610612754,1610612749,119,118,2024-25,Pacers,Indiana,Bucks,Milwaukee
0042400115,2025-04-29,Playoffs,1610612738,1610612753,120,89,2024-25,Celtics,Boston,Magic,Orlando
0042400175,2025-04-29,Playoffs,1610612743,1610612746,131,115,2024-25,Nuggets,Denver,Clippers,LA
0042400155,2025-04-30,Playoffs,1610612745,1610612744,131,116,2024-25,Rockets,Houston,Warriors,Golden State
0042400165,2025-04-30,Playoffs,1610612747,1610612750,96,103,2024-25,Lakers,Los Angeles,Timberwolves,Minnesota
0042400176,2025-05-01,Playoffs,1610612746,1610612743,111,105,2024-25,Clippers,LA,Nuggets,Denver
0042400126,2025-05-01,Playoffs,1610612765,1610612752,113,116,2024-25,Pistons,Detroit,Knicks,New York
0042400156,2025-05-02,Playoffs,1610612744,1610612745,107,115,2024-25,Warriors,Golden State,Rockets,Houston
0042400177,2025-05-03,Playoffs,1610612743,1610612746,120,101,2024-25,Nuggets,Denver,Clippers,LA
0042400157,2025-05-04,Playoffs,1610612745,1610612744,89,103,2024-25,Rockets,Houston,Warriors,Golden State
0042400201,2025-05-04,Playoffs,1610612739,1610612754,112,121,2024-25,Cavaliers,Cleveland,Pacers,Indiana
0042400221,2025-05-05,Playoffs,1610612760,1610612743,119,121,2024-25,Thunder,Oklahoma City,Nuggets,Denver
0042400211,2025-05-05,Playoffs,1610612738,1610612752,105,108,2024-25,Celtics,Boston,Knicks,New York
0042400202,2025-05-06,Playoffs,1610612739,1610612754,119,120,2024-25,Cavaliers,Cleveland,Pacers,Indiana
0042400231,2025-05-06,Playoffs,1610612750,1610612744,88,99,2024-25,Timberwolves,Minnesota,Warriors,Golden State
0042400212,2025-05-07,Playoffs,1610612738,1610612752,90,91,2024-25,Celtics,Boston,Knicks,New York
0042400222,2025-05-07,Playoffs,1610612760,1610612743,149,106,2024-25,Thunder,Oklahoma City,Nuggets,Denver
0042400232,2025-05-08,Playoffs,1610612750,1610612744,117,93,2024-25,Timberwolves,Minnesota,Warriors,Golden State
0042400203,2025-05-09,Playoffs,1610612754,1610612739,104,126,2024-25,Pacers,Indiana,Cavaliers,Cleveland
0042400223,2025-05-09,Playoffs,1610612743,1610612760,113,104,2024-25,Nuggets,Denver,Thunder,Oklahoma City
0042400233,2025-05-10,Playoffs,1610612744,1610612750,97,102,2024-25,Warriors,Golden State,Timberwolves,Minnesota
0042400213,2025-05-10,Playoffs,1610612752,1610612738,93,115,2024-25,Knicks,New York,Celtics,Boston
0042400204,2025-05-11,Playoffs,1610612754,1610612739,129,109,2024-25,Pacers,Indiana,Cavaliers,Cleveland
0042400224,2025-05-11,Playoffs,1610612743,1610612760,87,92,2024-25,Nuggets,Denver,Thunder,Oklahoma City
0042400214,2025-05-12,Playoffs,1610612752,1610612738,121,113,2024-25,Knicks,New York,Celtics,Boston
0042400234,2025-05-12,Playoffs,1610612744,1610612750,110,117,2024-25,Warriors,Golden State,Timberwolves,Minnesota
0042400225,2025-05-13,Playoffs,1610612760,1610612743,112,105,2024-25,Thunder,Oklahoma City,Nuggets,Denver
0042400205,2025-05-13,Playoffs,1610612739,1610612754,105,114,2024-25,Cavaliers,Cleveland,Pacers,Indiana
0042400235,2025-05-14,Playoffs,1610612750,1610612744,121,110,2024-25,Timberwolves,Minnesota,Warriors,Golden State
0042400215,2025-05-14,Playoffs,1610612738,1610612752,127,102,2024-25,Celtics,Boston,Knicks,New York
0042400226,2025-05-15,Playoffs,1610612743,1610612760,119,107,2024-25,Nuggets,Denver,Thunder,Oklahoma City
0042400216,2025-05-16,Playoffs,1610612752,1610612738,119,81,2024-25,Knicks,New York,Celtics,Boston
0042400227,2025-05-18,Playoffs,1610612760,1610612743,125,93,2024-25,Thunder,Oklahoma City,Nuggets,Denver
0042400311,2025-05-20,Playoffs,1610612760,1610612750,114,88,2024-25,Thunder,Oklahoma City,Timberwolves,Minnesota
0042400301,2025-05-21,Playoffs,1610612752,1610612754,135,138,2024-25,Knicks,New York,Pacers,Indiana
0042400312,2025-05-22,Playoffs,1610612760,1610612750,118,103,2024-25,Thunder,Oklahoma City,Timberwolves,Minnesota
0042400302,2025-05-23,Playoffs,1610612752,1610612754,109,114,2024-25,Knicks,New York,Pacers,Indiana
0042400313,2025-05-24,Playoffs,1610612750,1610612760,143,101,2024-25,Timberwolves,Minnesota,Thunder,Oklahoma City
0042400303,2025-05-25,Playoffs,1610612754,1610612752,100,106,2024-25,Pacers,Indiana,Knicks,New York
0042400314,2025-05-26,Playoffs,1610612750,1610612760,126,128,2024-25,Timberwolves,Minnesota,Thunder,Oklahoma City
0042400304,2025-05-27,Playoffs,1610612754,1610612752,130,121,2024-25,Pacers,Indiana,Knicks,New York
0042400315,2025-05-28,Playoffs,1610612760,1610612750,124,94,2024-25,Thunder,Oklahoma City,Timberwolves,Minnesota
0042400305,2025-05-29,Playoffs,1610612752,1610612754,111,94,2024-25,Knicks,New York,Pacers,Indiana
0042400306,2025-05-31,Playoffs,1610612754,1610612752,125,108,2024-25,Pacers,Indiana,Knicks,New York
0042400401,2025-06-05,Playoffs,1610612760,1610612754,110,111,2024-25,Thunder,Oklahoma City,Pacers,Indiana
0042400402,2025-06-08,Playoffs,1610612760,1610612754,123,107,2024-25,Thunder,Oklahoma City,Pacers,Indiana
0042400403,2025-06-11,Playoffs,1610612754,1610612760,116,107,2024-25,Pacers,Indiana,Thunder,Oklahoma City
0042400404,2025-06-13,Playoffs,1610612754,1610612760,104,111,2024-25,Pacers,Indiana,Thunder,Oklahoma City
0042400405,2025-06-16,Playoffs,1610612760,1610612754,120,109,2024-25,Thunder,Oklahoma City,Pacers,Indiana
0042400406,2025-06-19,Playoffs,1610612754,1610612760,108,91,2024-25,Pacers,Indiana,Thunder,Oklahoma City
0042400407,2025-06-22,Playoffs,1610612760,1610612754,103,91,2024-25,Thunder,Oklahoma City,Pacers,Indiana
0022500002,2025-10-21,Regular Season,1610612747,1610612744,109,119,2025-26,Lakers,Los Angeles,Warriors,Golden State
0022500001,2025-10-21,Regular Season,1610612760,1610612745,125,124,2025-26,Thunder,Oklahoma City,Rockets,Houston
0022500084,2025-10-22,Regular Season,1610612741,1610612765,115,111,2025-26,Bulls,Chicago,Pistons,Detroit
0022500087,2025-10-22,Regular Season,1610612762,1610612746,129,108,2025-26,Jazz,Utah,Clippers,LA
0022500081,2025-10-22,Regular Season,1610612753,1610612748,125,121,2025-26,Magic,Orlando,Heat,Miami
0022500004,2025-10-22,Regular Season,1610612742,1610612759,92,125,2025-26,Mavericks,Dallas,Spurs,San Antonio
0022500003,2025-10-22,Regular Season,1610612752,1610612739,119,111,2025-26,Knicks,New York,Cavaliers,Cleveland
0022500083,2025-10-22,Regular Season,1610612738,1610612755,116,117,2025-26,Celtics,Boston,76ers,Philadelphia
0022500080,2025-10-22,Regular Season,1610612766,1610612751,136,117,2025-26,Hornets,Charlotte,Nets,Brooklyn
0022500088,2025-10-22,Regular Season,1610612756,1610612758,120,116,2025-26,Suns,Phoenix,Kings,Sacramento
0022500085,2025-10-22,Regular Season,1610612763,1610612740,128,122,2025-26,Grizzlies,Memphis,Pelicans,New Orleans
0022500089,2025-10-22,Regular Season,1610612757,1610612750,114,118,2025-26,Blazers,Portland Trail,Timberwolves,Minnesota
0022500082,2025-10-22,Regular Season,1610612737,1610612761,118,138,2025-26,Hawks,Atlanta,Raptors,Toronto
0022500086,2025-10-22,Regular Season,1610612749,1610612764,133,120,2025-26,Bucks,Milwaukee,Wizards,Washington
0022500005,2025-10-23,Regular Season,1610612754,1610612760,135,141,2025-26,Pacers,Indiana,Thunder,Oklahoma City
0022500006,2025-10-23,Regular Season,1610612744,1610612743,137,131,2025-26,Warriors,Golden State,Nuggets,Denver
0022500097,2025-10-24,Regular Season,1610612757,1610612744,139,119,2025-26,Blazers,Portland Trail,Warriors,Golden State
0022500092,2025-10-24,Regular Season,1610612761,1610612749,116,122,2025-26,Raptors,Toronto,Bucks,Milwaukee
0022500018,2025-10-24,Regular Season,1610612752,1610612738,105,95,2025-26,Knicks,New York,Celtics,Boston
0022500096,2025-10-24,Regular Season,1610612742,1610612764,107,117,2025-26,Mavericks,Dallas,Wizards,Washington
0022500098,2025-10-24,Regular Season,1610612758,1610612762,105,104,2025-26,Kings,Sacramento,Jazz,Utah
0022500091,2025-10-24,Regular Season,1610612751,1610612739,124,131,2025-26,Nets,Brooklyn,Cavaliers,Cleveland
0022500019,2025-10-24,Regular Season,1610612747,1610612750,128,110,2025-26,Lakers,Los Angeles,Timberwolves,Minnesota
0022500095,2025-10-24,Regular Season,1610612740,1610612759,116,120,2025-26,Pelicans,New Orleans,Spurs,San Antonio
0022500090,2025-10-24,Regular Season,1610612753,1610612737,107,111,2025-26,Magic,Orlando,Hawks,Atlanta
0022500093,2025-10-24,Regular Season,1610612745,1610612765,111,115,2025-26,Rockets,Houston,Pistons,Detroit
0022500099,2025-10-24,Regular Season,1610612746,1610612756,129,102,2025-26,Clippers,LA,Suns,Phoenix
0022500094,2025-10-24,Regular Season,1610612763,1610612748,114,146,2025-26,Grizzlies,Memphis,Heat,Miami
0022500100,2025-10-25,Regular Season,1610612753,1610612741,98,110,2025-26,Magic,Orlando,Bulls,Chicago
0022500101,2025-10-25,Regular Season,1610612737,1610612760,100,117,2025-26,Hawks,Atlanta,Thunder,Oklahoma City
0022500103,2025-10-25,Regular Season,1610612763,1610612754,128,103,2025-26,Grizzlies,Memphis,Pacers,Indiana
0022500104,2025-10-25,Regular Season,1610612743,1610612756,133,111,2025-26,Nuggets,Denver,Suns,Phoenix
0022500102,2025-10-25,Regular Season,1610612755,1610612766,125,121,2025-26,76ers,Philadelphia,Hornets,Charlotte
0022500113,2025-10-26,Regular Season,1610612758,1610612747,120,127,2025-26,Kings,Sacramento,Lakers,Los Angeles
0022500108,2025-10-26,Regular Season,1610612748,1610612752,115,107,2025-26,Heat,Miami,Knicks,New York
0022500109,2025-10-26,Regular Season,1610612764,1610612766,113,139,2025-26,Wizards,Washington,Hornets,Charlotte
0022500112,2025-10-26,Regular Season,1610612746,1610612757,114,107,2025-26,Clippers,LA,Blazers,Portland Trail
0022500111,2025-10-26,Regular Season,1610612742,1610612761,139,129,2025-26,Mavericks,Dallas,Raptors,Toronto
0022500110,2025-10-26,Regular Season,1610612750,1610612754,114,110,2025-26,Timberwolves,Minnesota,Pacers,Indiana
0022500107,2025-10-26,Regular Season,1610612739,1610612749,118,113,2025-26,Cavaliers,Cleveland,Bucks,Milwaukee
0022500106,2025-10-26,Regular Season,1610612765,1610612738,119,113,2025-26,Pistons,Detroit,Celtics,Boston
0022500105,2025-10-26,Regular Season,1610612759,1610612751,118,107,2025-26,Spurs,San Antonio,Nets,Brooklyn
0022500122,2025-10-27,Regular Season,1610612747,1610612757,108,122,2025-26,Lakers,Los Angeles,Blazers,Portland Trail
0022500115,2025-10-27,Regular Season,1610612741,1610612737,128,123,2025-26,Bulls,Chicago,Hawks,Atlanta
0022500119,2025-10-27,Regular Season,1610612742,1610612760,94,101,2025-26,Mavericks,Dallas,Thunder,Oklahoma City
0022500116,2025-10-27,Regular Season,1610612745,1610612751,137,109,2025-26,Rockets,Houston,Nets,Brooklyn
0022500007,2025-10-27,Regular Season,1610612765,1610612739,95,116,2025-26,Pistons,Detroit,Cavaliers,Cleveland
0022500118,2025-10-27,Regular Season,1610612759,1610612761,121,103,2025-26,Spurs,San Antonio,Raptors,Toronto
0022500117,2025-10-27,Regular Season,1610612740,1610612738,90,122,2025-26,Pelicans,New Orleans,Celtics,Boston
0022500120,2025-10-27,Regular Season,1610612762,1610612756,138,134,2025-26,Jazz,Utah,Suns,Phoenix
0022500121,2025-10-27,Regular Season,1610612744,1610612763,131,118,2025-26,Warriors,Golden State,Grizzlies,Memphis
0022500114,2025-10-27,Regular Season,1610612755,1610612753,136,124,2025-26,76ers,Philadelphia,Magic,Orlando
0022500008,2025-10-27,Regular Season,1610612750,1610612743,114,127,2025-26,Timberwolves,Minnesota,Nuggets,Denver
0022500123,2025-10-28,Regular Season,1610612764,1610612755,134,139,2025-26,Wizards,Washington,76ers,Philadelphia
0022500127,2025-10-28,Regular Season,1610612744,1610612746,98,79,2025-26,Warriors,Golden State,Clippers,LA
0022500125,2025-10-28,Regular Season,1610612749,1610612752,121,111,2025-26,Bucks,Milwaukee,Knicks,New York
0022500126,2025-10-28,Regular Season,1610612760,1610612758,107,101,2025-26,Thunder,Oklahoma City,Kings,Sacramento
0022500124,2025-10-28,Regular Season,1610612748,1610612766,144,117,2025-26,Heat,Miami,Hornets,Charlotte
0022500133,2025-10-29,Regular Season,1610612742,1610612754,107,105,2025-26,Mavericks,Dallas,Pacers,Indiana
0022500131,2025-10-29,Regular Season,1610612761,1610612745,121,139,2025-26,Raptors,Toronto,Rockets,Houston
0022500132,2025-10-29,Regular Season,1610612741,1610612758,126,113,2025-26,Bulls,Chicago,Kings,Sacramento
0022500137,2025-10-29,Regular Season,1610612756,1610612763,113,114,2025-26,Suns,Phoenix,Grizzlies,Memphis
0022500135,2025-10-29,Regular Season,1610612762,1610612757,134,136,2025-26,Jazz,Utah,Blazers,Portland Trail
0022500136,2025-10-29,Regular Season,1610612750,1610612747,115,116,2025-26,Timberwolves,Minnesota,Lakers,Los Angeles
0022500130,2025-10-29,Regular Season,1610612751,1610612737,112,117,2025-26,Nets,Brooklyn,Hawks,Atlanta
0022500128,2025-10-29,Regular Season,1610612738,1610612739,125,105,2025-26,Celtics,Boston,Cavaliers,Cleveland
0022500134,2025-10-29,Regular Season,1610612743,1610612740,122,88,2025-26,Nuggets,Denver,Pelicans,New Orleans
0022500129,2025-10-29,Regular Season,1610612765,1610612753,135,116,2025-26,Pistons,Detroit,Magic,Orlando
0022500138,2025-10-30,Regular Season,1610612766,1610612753,107,123,2025-26,Hornets,Charlotte,Magic,Orlando
0022500140,2025-10-30,Regular Season,1610612760,1610612764,127,108,2025-26,Thunder,Oklahoma City,Wizards,Washington
0022500139,2025-10-30,Regular Season,1610612749,1610612744,120,110,2025-26,Bucks,Milwaukee,Warriors,Golden State
0022500141,2025-10-30,Regular Season,1610612759,1610612748,107,101,2025-26,Spurs,San Antonio,Heat,Miami
0022500024,2025-10-31,Regular Season,1610612763,1610612747,112,117,2025-26,Grizzlies,Memphis,Lakers,Los Angeles
0022500023,2025-10-31,Regular Season,1610612741,1610612752,135,125,2025-26,Bulls,Chicago,Knicks,New York
0022500027,2025-10-31,Regular Season,1610612746,1610612740,126,124,2025-26,Clippers,LA,Pelicans,New Orleans
0022500020,2025-10-31,Regular Season,1610612754,1610612737,108,128,2025-26,Pacers,Indiana,Hawks,Atlanta
0022500026,2025-10-31,Regular Season,1610612757,1610612743,109,107,2025-26,Blazers,Portland Trail,Nuggets,Denver
0022500025,2025-10-31,Regular Season,1610612756,1610612762,118,96,2025-26,Suns,Phoenix,Jazz,Utah
0022500022,2025-10-31,Regular Season,1610612739,1610612761,101,112,2025-26,Cavaliers,Cleveland,Raptors,Toronto
0022500021,2025-10-31,Regular Season,1610612755,1610612738,108,109,2025-26,76ers,Philadelphia,Celtics,Boston
0022500146,2025-11-01,Regular Season,1610612738,1610612745,101,128,2025-26,Celtics,Boston,Rockets,Houston
0022500144,2025-11-01,Regular Season,1610612754,1610612744,114,109,2025-26,Pacers,Indiana,Warriors,Golden State
0022500142,2025-11-01,Regular Season,1610612749,1610612758,133,135,2025-26,Bucks,Milwaukee,Kings,Sacramento
0022500143,2025-11-01,Regular Season,1610612766,1610612750,105,122,2025-26,Hornets,Charlotte,Timberwolves,Minnesota
0022500145,2025-11-01,Regular Season,1610612764,1610612753,94,125,2025-26,Wizards,Washington,Magic,Orlando
0022500154,2025-11-02,Regular Season,1610612756,1610612759,130,118,2025-26,Suns,Phoenix,Spurs,San Antonio
0022500149,2025-11-02,Regular Season,1610612751,1610612755,105,129,2025-26,Nets,Brooklyn,76ers,Philadelphia
0022500153,2025-11-02,Regular Season,1610612752,1610612741,128,116,2025-26,Knicks,New York,Bulls,Chicago
0022500150,2025-11-02,Regular Season,1610612766,1610612762,126,103,2025-26,Hornets,Charlotte,Jazz,Utah
0022500155,2025-11-02,Regular Season,1610612747,1610612748,130,120,2025-26,Lakers,Los Angeles,Heat,Miami
0022500148,2025-11-02,Regular Season,1610612760,1610612740,137,106,2025-26,Thunder,Oklahoma City,Pelicans,New Orleans
0022500152,2025-11-02,Regular Season,1610612761,1610612763,117,104,2025-26,Raptors,Toronto,Grizzlies,Memphis
0022500151,2025-11-02,Regular Season,1610612739,1610612737,117,109,2025-26,Cavaliers,Cleveland,Hawks,Atlanta
0022500157,2025-11-03,Regular Season,1610612754,1610612749,115,117,2025-26,Pacers,Indiana,Bucks,Milwaukee
0022500163,2025-11-03,Regular Season,1610612757,1610612747,115,123,2025-26,Blazers,Portland Trail,Lakers,Los Angeles
0022500160,2025-11-03,Regular Season,1610612745,1610612742,110,102,2025-26,Rockets,Houston,Mavericks,Dallas
0022500159,2025-11-03,Regular Season,1610612752,1610612764,119,102,2025-26,Knicks,New York,Wizards,Washington
0022500158,2025-11-03,Regular Season,1610612738,1610612762,103,105,2025-26,Celtics,Boston,Jazz,Utah
0022500162,2025-11-03,Regular Season,1610612743,1610612758,130,124,2025-26,Nuggets,Denver,Kings,Sacramento
0022500164,2025-11-03,Regular Season,1610612746,1610612748,119,120,2025-26,Clippers,LA,Heat,Miami
0022500156,2025-11-03,Regular Season,1610612751,1610612750,109,125,2025-26,Nets,Brooklyn,Timberwolves,Minnesota
0022500161,2025-11-03,Regular Season,1610612763,1610612765,106,114,2025-26,Grizzlies,Memphis,Pistons,Detroit
0022500169,2025-11-04,Regular Season,1610612744,1610612756,118,107,2025-26,Warriors,Golden State,Suns,Phoenix
0022500165,2025-11-04,Regular Season,1610612761,1610612749,128,100,2025-26,Raptors,Toronto,Bucks,Milwaukee
0022500167,2025-11-04,Regular Season,1610612741,1610612755,113,111,2025-26,Bulls,Chicago,76ers,Philadelphia
0022500168,2025-11-04,Regular Season,1610612740,1610612766,116,112,2025-26,Pelicans,New Orleans,Hornets,Charlotte
0022500170,2025-11-04,Regular Season,1610612746,1610612760,107,126,2025-26,Clippers,LA,Thunder,Oklahoma City
0022500166,2025-11-04,Regular Season,1610612737,1610612753,127,112,2025-26,Hawks,Atlanta,Magic,Orlando
0022500173,2025-11-05,Regular Season,1610612754,1610612751,103,112,2025-26,Pacers,Indiana,Nets,Brooklyn
0022500177,2025-11-05,Regular Season,1610612742,1610612740,99,101,2025-26,Mavericks,Dallas,Pelicans,New Orleans
0022500174,2025-11-05,Regular Season,1610612738,1610612764,136,107,2025-26,Celtics,Boston,Wizards,Washington
0022500179,2025-11-05,Regular Season,1610612747,1610612759,118,116,2025-26,Lakers,Los Angeles,Spurs,San Antonio
0022500178,2025-11-05,Regular Season,1610612743,1610612748,122,112,2025-26,Nuggets,Denver,Heat,Miami
0022500175,2025-11-05,Regular Season,1610612752,1610612750,137,114,2025-26,Knicks,New York,Timberwolves,Minnesota
0022500176,2025-11-05,Regular Season,1610612763,1610612745,109,124,2025-26,Grizzlies,Memphis,Rockets,Houston
0022500171,2025-11-05,Regular Season,1610612739,1610612755,132,121,2025-26,Cavaliers,Cleveland,76ers,Philadelphia
0022500172,2025-11-05,Regular Season,1610612765,1610612762,114,103,2025-26,Pistons,Detroit,Jazz,Utah
0022500180,2025-11-05,Regular Season,1610612757,1610612760,121,119,2025-26,Blazers,Portland Trail,Thunder,Oklahoma City
0022500181,2025-11-05,Regular Season,1610612758,1610612744,121,116,2025-26,Kings,Sacramento,Warriors,Golden State
0022500182,2025-11-06,Regular Season,1610612756,1610612746,115,102,2025-26,Suns,Phoenix,Clippers,LA
0022500028,2025-11-07,Regular Season,1610612753,1610612738,123,110,2025-26,Magic,Orlando,Celtics,Boston
0022500036,2025-11-07,Regular Season,1610612750,1610612762,137,97,2025-26,Timberwolves,Minnesota,Jazz,Utah
0022500029,2025-11-07,Regular Season,1610612764,1610612739,115,148,2025-26,Wizards,Washington,Cavaliers,Cleveland
0022500031,2025-11-07,Regular Season,1610612751,1610612765,107,125,2025-26,Nets,Brooklyn,Pistons,Detroit
0022500033,2025-11-07,Regular Season,1610612748,1610612766,126,108,2025-26,Heat,Miami,Hornets,Charlotte
0022500030,2025-11-07,Regular Season,1610612737,1610612761,97,109,2025-26,Hawks,Atlanta,Raptors,Toronto
0022500035,2025-11-07,Regular Season,1610612749,1610612741,126,110,2025-26,Bucks,Milwaukee,Bulls,Chicago
0022500038,2025-11-07,Regular Season,1610612758,1610612760,101,132,2025-26,Kings,Sacramento,Thunder,Oklahoma City
0022500037,2025-11-07,Regular Season,1610612743,1610612744,129,104,2025-26,Nuggets,Denver,Warriors,Golden State
0022500032,2025-11-07,Regular Season,1610612759,1610612745,121,110,2025-26,Spurs,San Antonio,Rockets,Houston
0022500034,2025-11-07,Regular Season,1610612763,1610612742,118,104,2025-26,Grizzlies,Memphis,Mavericks,Dallas
0022500190,2025-11-08,Regular Season,1610612746,1610612756,103,114,2025-26,Clippers,LA,Suns,Phoenix
0022500189,2025-11-08,Regular Season,1610612743,1610612754,117,100,2025-26,Nuggets,Denver,Pacers,Indiana
0022500188,2025-11-08,Regular Season,1610612759,1610612740,126,119,2025-26,Spurs,San Antonio,Pelicans,New Orleans
0022500185,2025-11-08,Regular Season,1610612737,1610612747,122,102,2025-26,Hawks,Atlanta,Lakers,Los Angeles
0022500184,2025-11-08,Regular Season,1610612755,1610612761,130,120,2025-26,76ers,Philadelphia,Raptors,Toronto
0022500187,2025-11-08,Regular Season,1610612748,1610612757,136,131,2025-26,Heat,Miami,Blazers,Portland Trail
0022500183,2025-11-08,Regular Season,1610612764,1610612742,105,111,2025-26,Wizards,Washington,Mavericks,Dallas
0022500186,2025-11-08,Regular Season,1610612739,1610612741,128,122,2025-26,Cavaliers,Cleveland,Bulls,Chicago
0022500192,2025-11-09,Regular Season,1610612752,1610612751,134,98,2025-26,Knicks,New York,Nets,Brooklyn
0022500195,2025-11-09,Regular Season,1610612755,1610612765,108,111,2025-26,76ers,Philadelphia,Pistons,Detroit
0022500196,2025-11-09,Regular Season,1610612744,1610612754,114,83,2025-26,Warriors,Golden State,Pacers,Indiana
0022500197,2025-11-09,Regular Season,1610612758,1610612750,117,144,2025-26,Kings,Sacramento,Timberwolves,Minnesota
0022500193,2025-11-09,Regular Season,1610612753,1610612738,107,111,2025-26,Magic,Orlando,Celtics,Boston
0022500194,2025-11-09,Regular Season,1610612763,1610612760,100,114,2025-26,Grizzlies,Memphis,Thunder,Oklahoma City
0022500191,2025-11-09,Regular Season,1610612749,1610612745,115,122,2025-26,Bucks,Milwaukee,Rockets,Houston
0022500202,2025-11-10,Regular Season,1610612741,1610612759,117,121,2025-26,Bulls,Chicago,Spurs,San Antonio
0022500201,2025-11-10,Regular Season,1610612748,1610612739,140,138,2025-26,Heat,Miami,Cavaliers,Cleveland
0022500206,2025-11-10,Regular Season,1610612746,1610612737,102,105,2025-26,Clippers,LA,Hawks,Atlanta
0022500204,2025-11-10,Regular Season,1610612756,1610612740,121,98,2025-26,Suns,Phoenix,Pelicans,New Orleans
0022500198,2025-11-10,Regular Season,1610612766,1610612747,111,121,2025-26,Hornets,Charlotte,Lakers,Los Angeles
0022500205,2025-11-10,Regular Season,1610612762,1610612750,113,120,2025-26,Jazz,Utah,Timberwolves,Minnesota
0022500200,2025-11-10,Regular Season,1610612753,1610612757,115,112,2025-26,Magic,Orlando,Blazers,Portland Trail
0022500199,2025-11-10,Regular Season,1610612765,1610612764,137,135,2025-26,Pistons,Detroit,Wizards,Washington
0022500203,2025-11-10,Regular Season,1610612742,1610612749,114,116,2025-26,Mavericks,Dallas,Bucks,Milwaukee
0022500208,2025-11-11,Regular Season,1610612752,1610612763,133,120,2025-26,Knicks,New York,Grizzlies,Memphis
0022500207,2025-11-11,Regular Season,1610612751,1610612761,109,119,2025-26,Nets,Brooklyn,Raptors,Toronto
0022500211,2025-11-11,Regular Season,1610612762,1610612754,152,128,2025-26,Jazz,Utah,Pacers,Indiana
0022500210,2025-11-11,Regular Season,1610612760,1610612744,126,102,2025-26,Thunder,Oklahoma City,Warriors,Golden State
0022500209,2025-11-11,Regular Season,1610612755,1610612738,102,100,2025-26,76ers,Philadelphia,Celtics,Boston
0022500212,2025-11-11,Regular Season,1610612758,1610612743,108,122,2025-26,Kings,Sacramento,Nuggets,Denver
0022500223,2025-11-12,Regular Season,1610612758,1610612737,100,133,2025-26,Kings,Sacramento,Hawks,Atlanta
0022500218,2025-11-12,Regular Season,1610612745,1610612764,135,112,2025-26,Rockets,Houston,Wizards,Washington
0022500221,2025-11-12,Regular Season,1610612742,1610612756,114,123,2025-26,Mavericks,Dallas,Suns,Phoenix
0022500224,2025-11-12,Regular Season,1610612746,1610612743,116,130,2025-26,Clippers,LA,Nuggets,Denver
0022500219,2025-11-12,Regular Season,1610612740,1610612757,117,125,2025-26,Pelicans,New Orleans,Blazers,Portland Trail
0022500217,2025-11-12,Regular Season,1610612748,1610612739,116,130,2025-26,Heat,Miami,Cavaliers,Cleveland
0022500216,2025-11-12,Regular Season,1610612738,1610612763,131,95,2025-26,Celtics,Boston,Grizzlies,Memphis
0022500220,2025-11-12,Regular Season,1610612759,1610612744,120,125,2025-26,Spurs,San Antonio,Warriors,Golden State
0022500213,2025-11-12,Regular Season,1610612766,1610612749,111,100,2025-26,Hornets,Charlotte,Bucks,Milwaukee
0022500222,2025-11-12,Regular Season,1610612760,1610612747,121,92,2025-26,Thunder,Oklahoma City,Lakers,Los Angeles
0022500215,2025-11-12,Regular Season,1610612752,1610612753,107,124,2025-26,Knicks,New York,Magic,Orlando
0022500214,2025-11-12,Regular Season,1610612765,1610612741,124,113,2025-26,Pistons,Detroit,Bulls,Chicago
0022500225,2025-11-13,Regular Season,1610612739,1610612761,113,126,2025-26,Cavaliers,Cleveland,Raptors,Toronto
0022500226,2025-11-13,Regular Season,1610612756,1610612754,133,98,2025-26,Suns,Phoenix,Pacers,Indiana
0022500227,2025-11-13,Regular Season,1610612762,1610612737,122,132,2025-26,Jazz,Utah,Hawks,Atlanta
0022500044,2025-11-14,Regular Season,1610612750,1610612758,124,110,2025-26,Timberwolves,Minnesota,Kings,Sacramento
0022500047,2025-11-14,Regular Season,1610612759,1610612744,108,109,2025-26,Spurs,San Antonio,Warriors,Golden State
0022500040,2025-11-14,Regular Season,1610612753,1610612751,105,98,2025-26,Magic,Orlando,Nets,Brooklyn
0022500045,2025-11-14,Regular Season,1610612740,1610612747,104,118,2025-26,Pelicans,New Orleans,Lakers,Los Angeles
0022500041,2025-11-14,Regular Season,1610612765,1610612755,114,105,2025-26,Pistons,Detroit,76ers,Philadelphia
0022500043,2025-11-14,Regular Season,1610612749,1610612766,147,134,2025-26,Bucks,Milwaukee,Hornets,Charlotte
0022500042,2025-11-14,Regular Season,1610612745,1610612757,140,116,2025-26,Rockets,Houston,Blazers,Portland Trail
0022500046,2025-11-14,Regular Season,1610612742,1610612746,127,133,2025-26,Mavericks,Dallas,Clippers,LA
0022500039,2025-11-14,Regular Season,1610612752,1610612748,140,132,2025-26,Knicks,New York,Heat,Miami
0022500231,2025-11-15,Regular Season,1610612749,1610612747,95,119,2025-26,Bucks,Milwaukee,Lakers,Los Angeles
0022500228,2025-11-15,Regular Season,1610612739,1610612763,108,100,2025-26,Cavaliers,Cleveland,Grizzlies,Memphis
0022500230,2025-11-15,Regular Season,1610612754,1610612761,111,129,2025-26,Pacers,Indiana,Raptors,Toronto
0022500229,2025-11-15,Regular Season,1610612766,1610612760,96,109,2025-26,Hornets,Charlotte,Thunder,Oklahoma City
0022500232,2025-11-15,Regular Season,1610612750,1610612743,112,123,2025-26,Timberwolves,Minnesota,Nuggets,Denver
0022500238,2025-11-16,Regular Season,1610612742,1610612757,138,133,2025-26,Mavericks,Dallas,Blazers,Portland Trail
0022500239,2025-11-16,Regular Season,1610612756,1610612737,122,124,2025-26,Suns,Phoenix,Hawks,Atlanta
0022500234,2025-11-16,Regular Season,1610612759,1610612758,123,110,2025-26,Spurs,San Antonio,Kings,Sacramento
0022500233,2025-11-16,Regular Season,1610612738,1610612746,121,118,2025-26,Celtics,Boston,Clippers,LA
0022500235,2025-11-16,Regular Season,1610612764,1610612751,106,129,2025-26,Wizards,Washington,Nets,Brooklyn
0022500237,2025-11-16,Regular Season,1610612740,1610612744,106,124,2025-26,Pelicans,New Orleans,Warriors,Golden State
0022500240,2025-11-16,Regular Season,1610612762,1610612741,150,147,2025-26,Jazz,Utah,Bulls,Chicago
0022500236,2025-11-16,Regular Season,1610612745,1610612753,117,113,2025-26,Rockets,Houston,Magic,Orlando
0022500246,2025-11-17,Regular Season,1610612750,1610612742,120,96,2025-26,Timberwolves,Minnesota,Mavericks,Dallas
0022500244,2025-11-17,Regular Season,1610612748,1610612752,115,113,2025-26,Heat,Miami,Knicks,New York
0022500241,2025-11-17,Regular Season,1610612739,1610612749,118,106,2025-26,Cavaliers,Cleveland,Bucks,Milwaukee
0022500245,2025-11-17,Regular Season,1610612761,1610612766,110,108,2025-26,Raptors,Toronto,Hornets,Charlotte
0022500247,2025-11-17,Regular Season,1610612740,1610612760,109,126,2025-26,Pelicans,New Orleans,Thunder,Oklahoma City
0022500243,2025-11-17,Regular Season,1610612755,1610612746,110,108,2025-26,76ers,Philadelphia,Clippers,LA
0022500242,2025-11-17,Regular Season,1610612765,1610612754,127,112,2025-26,Pistons,Detroit,Pacers,Indiana
0022500248,2025-11-17,Regular Season,1610612743,1610612741,127,130,2025-26,Nuggets,Denver,Bulls,Chicago
0022500253,2025-11-18,Regular Season,1610612747,1610612762,140,126,2025-26,Lakers,Los Angeles,Jazz,Utah
0022500252,2025-11-18,Regular Season,1610612759,1610612763,111,101,2025-26,Spurs,San Antonio,Grizzlies,Memphis
0022500250,2025-11-18,Regular Season,1610612751,1610612738,99,113,2025-26,Nets,Brooklyn,Celtics,Boston
0022500251,2025-11-18,Regular Season,1610612737,1610612765,112,120,2025-26,Hawks,Atlanta,Pistons,Detroit
0022500254,2025-11-18,Regular Season,1610612757,1610612756,110,127,2025-26,Blazers,Portland Trail,Suns,Phoenix
0022500249,2025-11-18,Regular Season,1610612753,1610612744,121,113,2025-26,Magic,Orlando,Warriors,Golden State
0022500261,2025-11-19,Regular Season,1610612760,1610612758,113,99,2025-26,Thunder,Oklahoma City,Kings,Sacramento
0022500258,2025-11-19,Regular Season,1610612755,1610612761,112,121,2025-26,76ers,Philadelphia,Raptors,Toronto
0022500260,2025-11-19,Regular Season,1610612740,1610612743,118,125,2025-26,Pelicans,New Orleans,Nuggets,Denver
0022500262,2025-11-19,Regular Season,1610612742,1610612752,111,113,2025-26,Mavericks,Dallas,Knicks,New York
0022500256,2025-11-19,Regular Season,1610612754,1610612766,127,118,2025-26,Pacers,Indiana,Hornets,Charlotte
0022500259,2025-11-19,Regular Season,1610612750,1610612764,120,109,2025-26,Timberwolves,Minnesota,Wizards,Washington
0022500255,2025-11-19,Regular Season,1610612739,1610612745,104,114,2025-26,Cavaliers,Cleveland,Rockets,Houston
0022500257,2025-11-19,Regular Season,1610612748,1610612744,110,96,2025-26,Heat,Miami,Warriors,Golden State
0022500263,2025-11-19,Regular Season,1610612757,1610612741,121,122,2025-26,Blazers,Portland Trail,Bulls,Chicago
0022500265,2025-11-20,Regular Season,1610612763,1610612758,137,96,2025-26,Grizzlies,Memphis,Kings,Sacramento
0022500266,2025-11-20,Regular Season,1610612749,1610612755,114,123,2025-26,Bucks,Milwaukee,76ers,Philadelphia
0022500264,2025-11-20,Regular Season,1610612753,1610612746,129,101,2025-26,Magic,Orlando,Clippers,LA
0022500267,2025-11-20,Regular Season,1610612759,1610612737,135,126,2025-26,Spurs,San Antonio,Hawks,Atlanta
0022500054,2025-11-21,Regular Season,1610612745,1610612743,109,112,2025-26,Rockets,Houston,Nuggets,Denver
0022500050,2025-11-21,Regular Season,1610612761,1610612764,140,110,2025-26,Raptors,Toronto,Wizards,Washington
0022500055,2025-11-21,Regular Season,1610612762,1610612760,112,144,2025-26,Jazz,Utah,Thunder,Oklahoma City
0022500049,2025-11-21,Regular Season,1610612738,1610612751,105,113,2025-26,Celtics,Boston,Nets,Brooklyn
0022500051,2025-11-21,Regular Season,1610612741,1610612748,107,143,2025-26,Bulls,Chicago,Heat,Miami
0022500052,2025-11-21,Regular Season,1610612742,1610612740,118,115,2025-26,Mavericks,Dallas,Pelicans,New Orleans
0022500056,2025-11-21,Regular Season,1610612744,1610612757,123,127,2025-26,Warriors,Golden State,Blazers,Portland Trail
0022500048,2025-11-21,Regular Season,1610612739,1610612754,120,109,2025-26,Cavaliers,Cleveland,Pacers,Indiana
0022500053,2025-11-21,Regular Season,1610612756,1610612750,114,113,2025-26,Suns,Phoenix,Timberwolves,Minnesota
0022500269,2025-11-22,Regular Season,1610612753,1610612752,133,121,2025-26,Magic,Orlando,Knicks,New York
0022500270,2025-11-22,Regular Season,1610612740,1610612737,98,115,2025-26,Pelicans,New Orleans,Hawks,Atlanta
0022500268,2025-11-22,Regular Season,1610612766,1610612746,116,131,2025-26,Hornets,Charlotte,Clippers,LA
0022500274,2025-11-22,Regular Season,1610612743,1610612758,123,128,2025-26,Nuggets,Denver,Kings,Sacramento
0022500271,2025-11-22,Regular Season,1610612741,1610612764,121,120,2025-26,Bulls,Chicago,Wizards,Washington
0022500272,2025-11-22,Regular Season,1610612749,1610612765,116,129,2025-26,Bucks,Milwaukee,Pistons,Detroit
0022500273,2025-11-22,Regular Season,1610612742,1610612763,96,102,2025-26,Mavericks,Dallas,Grizzlies,Memphis
0022500281,2025-11-23,Regular Season,1610612756,1610612759,111,102,2025-26,Suns,Phoenix,Spurs,San Antonio
0022500275,2025-11-23,Regular Season,1610612755,1610612748,117,127,2025-26,76ers,Philadelphia,Heat,Miami
0022500278,2025-11-23,Regular Season,1610612739,1610612746,120,105,2025-26,Cavaliers,Cleveland,Clippers,LA
0022500280,2025-11-23,Regular Season,1610612760,1610612757,122,95,2025-26,Thunder,Oklahoma City,Blazers,Portland Trail
0022500279,2025-11-23,Regular Season,1610612761,1610612751,119,109,2025-26,Raptors,Toronto,Nets,Brooklyn
0022500277,2025-11-23,Regular Season,1610612738,1610612753,138,129,2025-26,Celtics,Boston,Magic,Orlando
0022500276,2025-11-23,Regular Season,1610612737,1610612766,113,110,2025-26,Hawks,Atlanta,Hornets,Charlotte
0022500282,2025-11-23,Regular Season,1610612762,1610612747,106,108,2025-26,Jazz,Utah,Lakers,Los Angeles
0022500291,2025-11-24,Regular Season,1610612744,1610612762,134,117,2025-26,Warriors,Golden State,Jazz,Utah
0022500290,2025-11-24,Regular Season,1610612756,1610612745,92,114,2025-26,Suns,Phoenix,Rockets,Houston
0022500285,2025-11-24,Regular Season,1610612751,1610612752,100,113,2025-26,Nets,Brooklyn,Knicks,New York
0022500287,2025-11-24,Regular Season,1610612763,1610612743,115,125,2025-26,Grizzlies,Memphis,Nuggets,Denver
0022500289,2025-11-24,Regular Season,1610612740,1610612741,143,130,2025-26,Pelicans,New Orleans,Bulls,Chicago
0022500286,2025-11-24,Regular Season,1610612748,1610612742,106,102,2025-26,Heat,Miami,Mavericks,Dallas
0022500288,2025-11-24,Regular Season,1610612749,1610612757,103,115,2025-26,Bucks,Milwaukee,Blazers,Portland Trail
0022500284,2025-11-24,Regular Season,1610612761,1610612739,110,99,2025-26,Raptors,Toronto,Cavaliers,Cleveland
0022500292,2025-11-24,Regular Season,1610612758,1610612750,117,112,2025-26,Kings,Sacramento,Timberwolves,Minnesota
0022500283,2025-11-24,Regular Season,1610612754,1610612765,117,122,2025-26,Pacers,Indiana,Pistons,Detroit
0022500057,2025-11-25,Regular Season,1610612764,1610612737,132,113,2025-26,Wizards,Washington,Hawks,Atlanta
0022500059,2025-11-25,Regular Season,1610612747,1610612746,135,118,2025-26,Lakers,Los Angeles,Clippers,LA
0022500058,2025-11-25,Regular Season,1610612755,1610612753,103,144,2025-26,76ers,Philadelphia,Magic,Orlando
0022500064,2025-11-26,Regular Season,1610612760,1610612750,113,105,2025-26,Thunder,Oklahoma City,Timberwolves,Minnesota
0022500060,2025-11-26,Regular Season,1610612738,1610612765,117,114,2025-26,Celtics,Boston,Pistons,Detroit
0022500066,2025-11-26,Regular Season,1610612744,1610612745,100,104,2025-26,Warriors,Golden State,Rockets,Houston
0022500067,2025-11-26,Regular Season,1610612757,1610612759,102,115,2025-26,Blazers,Portland Trail,Spurs,San Antonio
0022500061,2025-11-26,Regular Season,1610612766,1610612752,101,129,2025-26,Hornets,Charlotte,Knicks,New York
0022500063,2025-11-26,Regular Season,1610612761,1610612754,97,95,2025-26,Raptors,Toronto,Pacers,Indiana
0022500065,2025-11-26,Regular Season,1610612740,1610612763,128,133,2025-26,Pelicans,New Orleans,Grizzlies,Memphis
0022500062,2025-11-26,Regular Season,1610612748,1610612749,106,103,2025-26,Heat,Miami,Bucks,Milwaukee
0022500068,2025-11-26,Regular Season,1610612758,1610612756,100,112,2025-26,Kings,Sacramento,Suns,Phoenix
0022500074,2025-11-28,Regular Season,1610612752,1610612749,118,109,2025-26,Knicks,New York,Bucks,Milwaukee
0022500078,2025-11-28,Regular Season,1610612747,1610612742,129,119,2025-26,Lakers,Los Angeles,Mavericks,Dallas
0022500076,2025-11-28,Regular Season,1610612743,1610612759,136,139,2025-26,Nuggets,Denver,Spurs,San Antonio
0022500075,2025-11-28,Regular Season,1610612760,1610612756,123,119,2025-26,Thunder,Oklahoma City,Suns,Phoenix
0022500079,2025-11-28,Regular Season,1610612746,1610612763,107,112,2025-26,Clippers,LA,Grizzlies,Memphis
0022500070,2025-11-28,Regular Season,1610612751,1610612755,103,115,2025-26,Nets,Brooklyn,76ers,Philadelphia
0022500072,2025-11-28,Regular Season,1610612765,1610612753,109,112,2025-26,Pistons,Detroit,Magic,Orlando
0022500073,2025-11-28,Regular Season,1610612754,1610612764,119,86,2025-26,Pacers,Indiana,Wizards,Washington
0022500077,2025-11-28,Regular Season,1610612762,1610612758,128,119,2025-26,Jazz,Utah,Kings,Sacramento
0022500071,2025-11-28,Regular Season,1610612766,1610612741,123,116,2025-26,Hornets,Charlotte,Bulls,Chicago
0022500069,2025-11-28,Regular Season,1610612737,1610612739,130,123,2025-26,Hawks,Atlanta,Cavaliers,Cleveland
0022500297,2025-11-29,Regular Season,1610612749,1610612751,116,99,2025-26,Bucks,Milwaukee,Nets,Brooklyn
0022500296,2025-11-29,Regular Season,1610612748,1610612765,135,138,2025-26,Heat,Miami,Pistons,Detroit
0022500294,2025-11-29,Regular Season,1610612766,1610612761,118,111,2025-26,Hornets,Charlotte,Raptors,Toronto
0022500295,2025-11-29,Regular Season,1610612754,1610612741,103,101,2025-26,Pacers,Indiana,Bulls,Chicago
0022500293,2025-11-29,Regular Season,1610612750,1610612738,119,115,2025-26,Timberwolves,Minnesota,Celtics,Boston
0022500298,2025-11-29,Regular Season,1610612744,1610612740,104,96,2025-26,Warriors,Golden State,Pelicans,New Orleans
0022500299,2025-11-29,Regular Season,1610612756,1610612743,112,130,2025-26,Suns,Phoenix,Nuggets,Denver
0022500300,2025-11-29,Regular Season,1610612746,1610612742,110,114,2025-26,Clippers,LA,Mavericks,Dallas
0022500307,2025-11-30,Regular Season,1610612758,1610612763,107,115,2025-26,Kings,Sacramento,Grizzlies,Memphis
0022500305,2025-11-30,Regular Season,1610612757,1610612760,115,123,2025-26,Blazers,Portland Trail,Thunder,Oklahoma City
0022500306,2025-11-30,Regular Season,1610612750,1610612759,125,112,2025-26,Timberwolves,Minnesota,Spurs,San Antonio
0022500308,2025-11-30,Regular Season,1610612747,1610612740,133,121,2025-26,Lakers,Los Angeles,Pelicans,New Orleans
0022500304,2025-11-30,Regular Season,1610612755,1610612737,134,142,2025-26,76ers,Philadelphia,Hawks,Atlanta
0022500303,2025-11-30,Regular Season,1610612752,1610612761,116,94,2025-26,Knicks,New York,Raptors,Toronto
0022500302,2025-11-30,Regular Season,1610612739,1610612738,115,117,2025-26,Cavaliers,Cleveland,Celtics,Boston
0022500301,2025-11-30,Regular Season,1610612762,1610612745,101,129,2025-26,Jazz,Utah,Rockets,Houston
0022500316,2025-12-01,Regular Season,1610612762,1610612745,133,125,2025-26,Jazz,Utah,Rockets,Houston
0022500310,2025-12-01,Regular Season,1610612754,1610612739,119,135,2025-26,Pacers,Indiana,Cavaliers,Cleveland
0022500313,2025-12-01,Regular Season,1610612748,1610612746,140,123,2025-26,Heat,Miami,Clippers,LA
0022500311,2025-12-01,Regular Season,1610612764,1610612749,129,126,2025-26,Wizards,Washington,Bucks,Milwaukee
0022500317,2025-12-01,Regular Season,1610612747,1610612756,108,125,2025-26,Lakers,Los Angeles,Suns,Phoenix
0022500309,2025-12-01,Regular Season,1610612765,1610612737,99,98,2025-26,Pistons,Detroit,Hawks,Atlanta
0022500315,2025-12-01,Regular Season,1610612743,1610612742,121,131,2025-26,Nuggets,Denver,Mavericks,Dallas
0022500312,2025-12-01,Regular Season,1610612751,1610612766,116,103,2025-26,Nets,Brooklyn,Hornets,Charlotte
0022500314,2025-12-01,Regular Season,1610612753,1610612741,125,120,2025-26,Magic,Orlando,Bulls,Chicago
0022500321,2025-12-02,Regular Season,1610612740,1610612750,142,149,2025-26,Pelicans,New Orleans,Timberwolves,Minnesota
0022500322,2025-12-02,Regular Season,1610612759,1610612763,126,119,2025-26,Spurs,San Antonio,Grizzlies,Memphis
0022500319,2025-12-02,Regular Season,1610612761,1610612757,121,118,2025-26,Raptors,Toronto,Blazers,Portland Trail
0022500318,2025-12-02,Regular Season,1610612755,1610612764,121,102,2025-26,76ers,Philadelphia,Wizards,Washington
0022500323,2025-12-02,Regular Season,1610612744,1610612760,112,124,2025-26,Warriors,Golden State,Thunder,Oklahoma City
0022500320,2025-12-02,Regular Season,1610612738,1610612752,123,117,2025-26,Celtics,Boston,Knicks,New York
0022500330,2025-12-03,Regular Season,1610612745,1610612758,121,95,2025-26,Rockets,Houston,Kings,Sacramento
0022500324,2025-12-03,Regular Season,1610612739,1610612757,110,122,2025-26,Cavaliers,Cleveland,Blazers,Portland Trail
0022500331,2025-12-03,Regular Season,1610612749,1610612765,113,109,2025-26,Bucks,Milwaukee,Pistons,Detroit
0022500326,2025-12-03,Regular Season,1610612753,1610612759,112,114,2025-26,Magic,Orlando,Spurs,San Antonio
0022500327,2025-12-03,Regular Season,1610612737,1610612746,92,115,2025-26,Hawks,Atlanta,Clippers,LA
0022500329,2025-12-03,Regular Season,1610612741,1610612751,103,113,2025-26,Bulls,Chicago,Nets,Brooklyn
0022500332,2025-12-03,Regular Season,1610612742,1610612748,118,108,2025-26,Mavericks,Dallas,Heat,Miami
0022500325,2025-12-03,Regular Season,1610612754,1610612743,120,135,2025-26,Pacers,Indiana,Nuggets,Denver
0022500328,2025-12-03,Regular Season,1610612752,1610612766,119,104,2025-26,Knicks,New York,Hornets,Charlotte
0022500335,2025-12-04,Regular Season,1610612751,1610612762,110,123,2025-26,Nets,Brooklyn,Jazz,Utah
0022500333,2025-12-04,Regular Season,1610612755,1610612744,99,98,2025-26,76ers,Philadelphia,Warriors,Golden State
0022500337,2025-12-04,Regular Season,1610612740,1610612750,116,125,2025-26,Pelicans,New Orleans,Timberwolves,Minnesota
0022500336,2025-12-04,Regular Season,1610612761,1610612747,120,123,2025-26,Raptors,Toronto,Lakers,Los Angeles
0022500334,2025-12-04,Regular Season,1610612764,1610612738,101,146,2025-26,Wizards,Washington,Celtics,Boston
0022500349,2025-12-05,Regular Season,1610612760,1610612742,132,111,2025-26,Thunder,Oklahoma City,Mavericks,Dallas
0022500341,2025-12-05,Regular Season,1610612739,1610612759,130,117,2025-26,Cavaliers,Cleveland,Spurs,San Antonio
0022500340,2025-12-05,Regular Season,1610612737,1610612743,133,134,2025-26,Hawks,Atlanta,Nuggets,Denver
0022500345,2025-12-05,Regular Season,1610612741,1610612754,105,120,2025-26,Bulls,Chicago,Pacers,Indiana
0022500343,2025-12-05,Regular Season,1610612752,1610612762,146,112,2025-26,Knicks,New York,Jazz,Utah
0022500344,2025-12-05,Regular Season,1610612761,1610612766,86,111,2025-26,Raptors,Toronto,Hornets,Charlotte
0022500338,2025-12-05,Regular Season,1610612738,1610612747,126,105,2025-26,Celtics,Boston,Lakers,Los Angeles
0022500346,2025-12-05,Regular Season,1610612745,1610612756,117,98,2025-26,Rockets,Houston,Suns,Phoenix
0022500339,2025-12-05,Regular Season,1610612753,1610612748,106,105,2025-26,Magic,Orlando,Heat,Miami
0022500347,2025-12-05,Regular Season,1610612763,1610612746,107,98,2025-26,Grizzlies,Memphis,Clippers,LA
0022500348,2025-12-05,Regular Season,1610612749,1610612755,101,116,2025-26,Bucks,Milwaukee,76ers,Philadelphia
0022500342,2025-12-05,Regular Season,1610612765,1610612757,122,116,2025-26,Pistons,Detroit,Blazers,Portland Trail
0022500353,2025-12-06,Regular Season,1610612765,1610612749,124,112,2025-26,Pistons,Detroit,Bucks,Milwaukee
0022500356,2025-12-06,Regular Season,1610612742,1610612745,122,109,2025-26,Mavericks,Dallas,Rockets,Houston
0022500354,2025-12-06,Regular Season,1610612748,1610612758,111,127,2025-26,Heat,Miami,Kings,Sacramento
0022500351,2025-12-06,Regular Season,1610612764,1610612737,116,131,2025-26,Wizards,Washington,Hawks,Atlanta
0022500355,2025-12-06,Regular Season,1610612750,1610612746,109,106,2025-26,Timberwolves,Minnesota,Clippers,LA
0022500352,2025-12-06,Regular Season,1610612739,1610612744,94,99,2025-26,Cavaliers,Cleveland,Warriors,Golden State
0022500350,2025-12-06,Regular Season,1610612751,1610612740,119,101,2025-26,Nets,Brooklyn,Pelicans,New Orleans
0022500360,2025-12-07,Regular Season,1610612763,1610612757,119,96,2025-26,Grizzlies,Memphis,Blazers,Portland Trail
0022500363,2025-12-07,Regular Season,1610612762,1610612760,101,131,2025-26,Jazz,Utah,Thunder,Oklahoma City
0022500358,2025-12-07,Regular Season,1610612761,1610612738,113,121,2025-26,Raptors,Toronto,Celtics,Boston
0022500359,2025-12-07,Regular Season,1610612766,1610612743,106,115,2025-26,Hornets,Charlotte,Nuggets,Denver
0022500361,2025-12-07,Regular Season,1610612741,1610612744,91,123,2025-26,Bulls,Chicago,Warriors,Golden State
0022500362,2025-12-07,Regular Season,1610612755,1610612747,108,112,2025-26,76ers,Philadelphia,Lakers,Los Angeles
0022500357,2025-12-07,Regular Season,1610612752,1610612753,106,100,2025-26,Knicks,New York,Magic,Orlando
0022500365,2025-12-08,Regular Season,1610612750,1610612756,105,108,2025-26,Timberwolves,Minnesota,Suns,Phoenix
0022500366,2025-12-08,Regular Season,1610612740,1610612759,132,135,2025-26,Pelicans,New Orleans,Spurs,San Antonio
0022500364,2025-12-08,Regular Season,1610612754,1610612758,116,105,2025-26,Pacers,Indiana,Kings,Sacramento
0022501201,2025-12-09,Regular Season,1610612753,1610612748,117,108,2025-26,Magic,Orlando,Heat,Miami
0022501202,2025-12-09,Regular Season,1610612761,1610612752,101,117,2025-26,Raptors,Toronto,Knicks,New York
0022501204,2025-12-10,Regular Season,1610612747,1610612759,119,132,2025-26,Lakers,Los Angeles,Spurs,San Antonio
0022501203,2025-12-10,Regular Season,1610612760,1610612756,138,89,2025-26,Thunder,Oklahoma City,Suns,Phoenix
0022501206,2025-12-11,Regular Season,1610612749,1610612738,116,101,2025-26,Bucks,Milwaukee,Celtics,Boston
0022501208,2025-12-11,Regular Season,1610612758,1610612743,105,136,2025-26,Kings,Sacramento,Nuggets,Denver
0022501205,2025-12-11,Regular Season,1610612745,1610612746,115,113,2025-26,Rockets,Houston,Clippers,LA
0022501207,2025-12-11,Regular Season,1610612740,1610612757,143,120,2025-26,Pelicans,New Orleans,Blazers,Portland Trail
0022501215,2025-12-12,Regular Season,1610612744,1610612750,120,127,2025-26,Warriors,Golden State,Timberwolves,Minnesota
0022501212,2025-12-12,Regular Season,1610612764,1610612739,126,130,2025-26,Wizards,Washington,Cavaliers,Cleveland
0022501211,2025-12-12,Regular Season,1610612755,1610612754,115,105,2025-26,76ers,Philadelphia,Pacers,Indiana
0022501210,2025-12-12,Regular Season,1610612765,1610612737,142,115,2025-26,Pistons,Detroit,Hawks,Atlanta
0022501214,2025-12-12,Regular Season,1610612742,1610612751,119,111,2025-26,Mavericks,Dallas,Nets,Brooklyn
0022501213,2025-12-12,Regular Season,1610612763,1610612762,126,130,2025-26,Grizzlies,Memphis,Jazz,Utah
0022501209,2025-12-12,Regular Season,1610612766,1610612741,126,129,2025-26,Hornets,Charlotte,Bulls,Chicago
0022501216,2025-12-14,Regular Season,1610612754,1610612764,89,108,2025-26,Pacers,Indiana,Wizards,Washington
0022501221,2025-12-14,Regular Season,1610612757,1610612744,136,131,2025-26,Blazers,Portland Trail,Warriors,Golden State
0022501223,2025-12-14,Regular Season,1610612741,1610612740,104,114,2025-26,Bulls,Chicago,Pelicans,New Orleans
0022501228,2025-12-14,Regular Season,1610612756,1610612747,114,116,2025-26,Suns,Phoenix,Lakers,Los Angeles
0022501217,2025-12-14,Regular Season,1610612737,1610612755,120,117,2025-26,Hawks,Atlanta,76ers,Philadelphia
0022501218,2025-12-14,Regular Season,1610612739,1610612766,111,119,2025-26,Cavaliers,Cleveland,Hornets,Charlotte
0022501219,2025-12-14,Regular Season,1610612751,1610612749,127,82,2025-26,Nets,Brooklyn,Bucks,Milwaukee
0022501220,2025-12-14,Regular Season,1610612750,1610612758,117,103,2025-26,Timberwolves,Minnesota,Kings,Sacramento
0022501226,2025-12-15,Regular Season,1610612746,1610612763,103,121,2025-26,Clippers,LA,Grizzlies,Memphis
0022501225,2025-12-15,Regular Season,1610612743,1610612745,128,125,2025-26,Nuggets,Denver,Rockets,Houston
0022501227,2025-12-15,Regular Season,1610612748,1610612761,96,106,2025-26,Heat,Miami,Raptors,Toronto
0022501224,2025-12-15,Regular Season,1610612762,1610612742,140,133,2025-26,Jazz,Utah,Mavericks,Dallas
0022501222,2025-12-15,Regular Season,1610612738,1610612765,105,112,2025-26,Celtics,Boston,Pistons,Detroit
0022500367,2025-12-17,Regular Season,1610612741,1610612739,127,111,2025-26,Bulls,Chicago,Cavaliers,Cleveland
0022500368,2025-12-17,Regular Season,1610612750,1610612763,110,116,2025-26,Timberwolves,Minnesota,Grizzlies,Memphis
0022500379,2025-12-18,Regular Season,1610612762,1610612747,135,143,2025-26,Jazz,Utah,Lakers,Los Angeles
0022500370,2025-12-18,Regular Season,1610612759,1610612764,119,94,2025-26,Spurs,San Antonio,Wizards,Washington
0022500372,2025-12-18,Regular Season,1610612754,1610612752,113,114,2025-26,Pacers,Indiana,Knicks,New York
0022500374,2025-12-18,Regular Season,1610612749,1610612761,105,111,2025-26,Bucks,Milwaukee,Raptors,Toronto
0022500369,2025-12-18,Regular Season,1610612760,1610612746,122,101,2025-26,Thunder,Oklahoma City,Clippers,LA
0022500373,2025-12-18,Regular Season,1610612751,1610612748,95,106,2025-26,Nets,Brooklyn,Heat,Miami
0022500380,2025-12-18,Regular Season,1610612757,1610612758,134,133,2025-26,Blazers,Portland Trail,Kings,Sacramento
0022500371,2025-12-18,Regular Season,1610612766,1610612737,133,126,2025-26,Hornets,Charlotte,Hawks,Atlanta
0022500376,2025-12-18,Regular Season,1610612742,1610612765,116,114,2025-26,Mavericks,Dallas,Pistons,Detroit
0022500375,2025-12-18,Regular Season,1610612740,1610612745,133,128,2025-26,Pelicans,New Orleans,Rockets,Houston
0022500377,2025-12-18,Regular Season,1610612743,1610612753,126,115,2025-26,Nuggets,Denver,Magic,Orlando
0022500378,2025-12-18,Regular Season,1610612756,1610612744,99,98,2025-26,Suns,Phoenix,Warriors,Golden State
0022500385,2025-12-19,Regular Season,1610612750,1610612760,112,107,2025-26,Timberwolves,Minnesota,Thunder,Oklahoma City
0022500383,2025-12-19,Regular Season,1610612737,1610612759,98,126,2025-26,Hawks,Atlanta,Spurs,San Antonio
0022500381,2025-12-19,Regular Season,1610612738,1610612748,129,116,2025-26,Celtics,Boston,Heat,Miami
0022500384,2025-12-19,Regular Season,1610612739,1610612741,125,136,2025-26,Cavaliers,Cleveland,Bulls,Chicago
0022500382,2025-12-19,Regular Season,1610612752,1610612755,107,116,2025-26,Knicks,New York,76ers,Philadelphia
0022500393,2025-12-20,Regular Season,1610612762,1610612753,127,128,2025-26,Jazz,Utah,Magic,Orlando
0022500386,2025-12-20,Regular Season,1610612743,1610612745,101,115,2025-26,Nuggets,Denver,Rockets,Houston
0022500394,2025-12-20,Regular Season,1610612758,1610612757,93,98,2025-26,Kings,Sacramento,Blazers,Portland Trail
0022500390,2025-12-20,Regular Season,1610612765,1610612766,112,86,2025-26,Pistons,Detroit,Hornets,Charlotte
0022500388,2025-12-20,Regular Season,1610612761,1610612738,96,112,2025-26,Raptors,Toronto,Celtics,Boston
0022500395,2025-12-20,Regular Season,1610612746,1610612747,103,88,2025-26,Clippers,LA,Lakers,Los Angeles
0022500387,2025-12-20,Regular Season,1610612755,1610612742,121,114,2025-26,76ers,Philadelphia,Mavericks,Dallas
0022500391,2025-12-20,Regular Season,1610612763,1610612764,122,130,2025-26,Grizzlies,Memphis,Wizards,Washington
0022500392,2025-12-20,Regular Season,1610612744,1610612756,119,116,2025-26,Warriors,Golden State,Suns,Phoenix
0022500389,2025-12-20,Regular Season,1610612740,1610612754,128,109,2025-26,Pelicans,New Orleans,Pacers,Indiana
0022500401,2025-12-21,Regular Season,1610612758,1610612745,125,124,2025-26,Kings,Sacramento,Rockets,Houston
0022500397,2025-12-21,Regular Season,1610612751,1610612761,96,81,2025-26,Nets,Brooklyn,Raptors,Toronto
0022500396,2025-12-21,Regular Season,1610612737,1610612741,150,152,2025-26,Hawks,Atlanta,Bulls,Chicago
0022500399,2025-12-21,Regular Season,1610612764,1610612759,113,124,2025-26,Wizards,Washington,Spurs,San Antonio
0022500400,2025-12-21,Regular Season,1610612750,1610612749,103,100,2025-26,Timberwolves,Minnesota,Bucks,Milwaukee
0022500398,2025-12-21,Regular Season,1610612752,1610612748,132,125,2025-26,Knicks,New York,Heat,Miami
0022500402,2025-12-22,Regular Season,1610612739,1610612766,139,132,2025-26,Cavaliers,Cleveland,Hornets,Charlotte
0022500404,2025-12-22,Regular Season,1610612740,1610612742,119,113,2025-26,Pelicans,New Orleans,Mavericks,Dallas
0022500406,2025-12-22,Regular Season,1610612760,1610612763,119,103,2025-26,Thunder,Oklahoma City,Grizzlies,Memphis
0022500408,2025-12-22,Regular Season,1610612757,1610612765,102,110,2025-26,Blazers,Portland Trail,Pistons,Detroit
0022500405,2025-12-22,Regular Season,1610612743,1610612762,135,112,2025-26,Nuggets,Denver,Jazz,Utah
0022500403,2025-12-22,Regular Season,1610612738,1610612754,103,95,2025-26,Celtics,Boston,Pacers,Indiana
0022500407,2025-12-22,Regular Season,1610612744,1610612753,120,97,2025-26,Warriors,Golden State,Magic,Orlando
0022500417,2025-12-23,Regular Season,1610612759,1610612760,130,110,2025-26,Spurs,San Antonio,Thunder,Oklahoma City
0022500419,2025-12-23,Regular Season,1610612762,1610612763,128,137,2025-26,Jazz,Utah,Grizzlies,Memphis
0022500418,2025-12-23,Regular Season,1610612756,1610612747,132,108,2025-26,Suns,Phoenix,Lakers,Los Angeles
0022500422,2025-12-23,Regular Season,1610612746,1610612745,128,108,2025-26,Clippers,LA,Rockets,Houston
0022500413,2025-12-23,Regular Season,1610612754,1610612749,94,111,2025-26,Pacers,Indiana,Bucks,Milwaukee
0022500410,2025-12-23,Regular Season,1610612755,1610612751,106,114,2025-26,76ers,Philadelphia,Nets,Brooklyn
0022500409,2025-12-23,Regular Season,1610612766,1610612764,126,109,2025-26,Hornets,Charlotte,Wizards,Washington
0022500415,2025-12-23,Regular Season,1610612742,1610612743,131,130,2025-26,Mavericks,Dallas,Nuggets,Denver
0022500420,2025-12-23,Regular Season,1610612757,1610612753,106,110,2025-26,Blazers,Portland Trail,Magic,Orlando
0022500411,2025-12-23,Regular Season,1610612737,1610612741,123,126,2025-26,Hawks,Atlanta,Bulls,Chicago
0022500416,2025-12-23,Regular Season,1610612750,1610612752,115,104,2025-26,Timberwolves,Minnesota,Knicks,New York
0022500421,2025-12-23,Regular Season,1610612758,1610612765,127,136,2025-26,Kings,Sacramento,Pistons,Detroit
0022500414,2025-12-23,Regular Season,1610612748,1610612761,91,112,2025-26,Heat,Miami,Raptors,Toronto
0022500412,2025-12-23,Regular Season,1610612739,1610612740,141,118,2025-26,Cavaliers,Cleveland,Pelicans,New Orleans
0022500013,2025-12-25,Regular Season,1610612743,1610612750,142,138,2025-26,Nuggets,Denver,Timberwolves,Minnesota
0022500009,2025-12-25,Regular Season,1610612752,1610612739,126,124,2025-26,Knicks,New York,Cavaliers,Cleveland
0022500012,2025-12-25,Regular Season,1610612747,1610612745,96,119,2025-26,Lakers,Los Angeles,Rockets,Houston
0022500010,2025-12-25,Regular Season,1610612760,1610612759,102,117,2025-26,Thunder,Oklahoma City,Spurs,San Antonio
0022500011,2025-12-25,Regular Season,1610612744,1610612742,126,116,2025-26,Warriors,Golden State,Mavericks,Dallas
0022500428,2025-12-26,Regular Season,1610612763,1610612749,125,104,2025-26,Grizzlies,Memphis,Bucks,Milwaukee
0022500431,2025-12-26,Regular Season,1610612757,1610612746,103,119,2025-26,Blazers,Portland Trail,Clippers,LA
0022500430,2025-12-26,Regular Season,1610612762,1610612765,131,129,2025-26,Jazz,Utah,Pistons,Detroit
0022500425,2025-12-26,Regular Season,1610612764,1610612761,138,117,2025-26,Wizards,Washington,Raptors,Toronto
0022500427,2025-12-26,Regular Season,1610612741,1610612755,109,102,2025-26,Bulls,Chicago,76ers,Philadelphia
0022500426,2025-12-26,Regular Season,1610612754,1610612738,122,140,2025-26,Pacers,Indiana,Celtics,Boston
0022500424,2025-12-26,Regular Season,1610612753,1610612766,105,120,2025-26,Magic,Orlando,Hornets,Charlotte
0022500429,2025-12-26,Regular Season,1610612740,1610612756,108,115,2025-26,Pelicans,New Orleans,Suns,Phoenix
0022500423,2025-12-26,Regular Season,1610612737,1610612748,111,126,2025-26,Hawks,Atlanta,Heat,Miami
0022500439,2025-12-27,Regular Season,1610612750,1610612751,107,123,2025-26,Timberwolves,Minnesota,Nets,Brooklyn
0022500435,2025-12-27,Regular Season,1610612737,1610612752,125,128,2025-26,Hawks,Atlanta,Knicks,New York
0022500436,2025-12-27,Regular Season,1610612748,1610612754,142,116,2025-26,Heat,Miami,Pacers,Indiana
0022500432,2025-12-27,Regular Season,1610612758,1610612742,113,107,2025-26,Kings,Sacramento,Mavericks,Dallas
0022500434,2025-12-27,Regular Season,1610612740,1610612756,114,123,2025-26,Pelicans,New Orleans,Suns,Phoenix
0022500433,2025-12-27,Regular Season,1610612753,1610612743,127,126,2025-26,Magic,Orlando,Nuggets,Denver
0022500440,2025-12-27,Regular Season,1610612759,1610612762,114,127,2025-26,Spurs,San Antonio,Jazz,Utah
0022500437,2025-12-27,Regular Season,1610612741,1610612749,103,112,2025-26,Bulls,Chicago,Bucks,Milwaukee
0022500438,2025-12-27,Regular Season,1610612745,1610612739,117,100,2025-26,Rockets,Houston,Cavaliers,Cleveland
0022500445,2025-12-28,Regular Season,1610612746,1610612765,112,99,2025-26,Clippers,LA,Pistons,Detroit
0022500442,2025-12-28,Regular Season,1610612760,1610612755,129,104,2025-26,Thunder,Oklahoma City,76ers,Philadelphia
0022500441,2025-12-28,Regular Season,1610612761,1610612744,141,127,2025-26,Raptors,Toronto,Warriors,Golden State
0022500446,2025-12-28,Regular Season,1610612747,1610612758,125,101,2025-26,Lakers,Los Angeles,Kings,Sacramento
0022500444,2025-12-28,Regular Season,1610612757,1610612738,114,108,2025-26,Blazers,Portland Trail,Celtics,Boston
0022500443,2025-12-28,Regular Season,1610612764,1610612763,116,112,2025-26,Wizards,Washington,Grizzlies,Memphis
0022500448,2025-12-29,Regular Season,1610612764,1610612756,101,115,2025-26,Wizards,Washington,Suns,Phoenix
0022500453,2025-12-29,Regular Season,1610612745,1610612754,126,119,2025-26,Rockets,Houston,Pacers,Indiana
0022500457,2025-12-29,Regular Season,1610612757,1610612742,125,122,2025-26,Blazers,Portland Trail,Mavericks,Dallas
0022500449,2025-12-29,Regular Season,1610612751,1610612744,107,120,2025-26,Nets,Brooklyn,Warriors,Golden State
0022500455,2025-12-29,Regular Season,1610612760,1610612737,140,129,2025-26,Thunder,Oklahoma City,Hawks,Atlanta
0022500450,2025-12-29,Regular Season,1610612748,1610612743,147,123,2025-26,Heat,Miami,Nuggets,Denver
0022500454,2025-12-29,Regular Season,1610612740,1610612752,125,130,2025-26,Pelicans,New Orleans,Knicks,New York
0022500447,2025-12-29,Regular Season,1610612766,1610612749,113,123,2025-26,Hornets,Charlotte,Bucks,Milwaukee
0022500456,2025-12-29,Regular Season,1610612759,1610612739,101,113,2025-26,Spurs,San Antonio,Cavaliers,Cleveland
0022500452,2025-12-29,Regular Season,1610612741,1610612750,101,136,2025-26,Bulls,Chicago,Timberwolves,Minnesota
0022500451,2025-12-29,Regular Season,1610612761,1610612753,107,106,2025-26,Raptors,Toronto,Magic,Orlando
0022500460,2025-12-30,Regular Season,1610612747,1610612765,106,128,2025-26,Lakers,Los Angeles,Pistons,Detroit
0022500458,2025-12-30,Regular Season,1610612763,1610612755,136,139,2025-26,Grizzlies,Memphis,76ers,Philadelphia
0022500461,2025-12-30,Regular Season,1610612746,1610612758,131,90,2025-26,Clippers,LA,Kings,Sacramento
0022500459,2025-12-30,Regular Season,1610612762,1610612738,119,129,2025-26,Jazz,Utah,Celtics,Boston
0022500470,2025-12-31,Regular Season,1610612760,1610612757,124,95,2025-26,Thunder,Oklahoma City,Blazers,Portland Trail
0022500468,2025-12-31,Regular Season,1610612761,1610612743,103,106,2025-26,Raptors,Toronto,Nuggets,Denver
0022500464,2025-12-31,Regular Season,1610612754,1610612753,110,112,2025-26,Pacers,Indiana,Magic,Orlando
0022500465,2025-12-31,Regular Season,1610612739,1610612756,129,113,2025-26,Cavaliers,Cleveland,Suns,Phoenix
0022500463,2025-12-31,Regular Season,1610612737,1610612750,126,102,2025-26,Hawks,Atlanta,Timberwolves,Minnesota
0022500469,2025-12-31,Regular Season,1610612749,1610612764,113,114,2025-26,Bucks,Milwaukee,Wizards,Washington
0022500466,2025-12-31,Regular Season,1610612741,1610612740,134,118,2025-26,Bulls,Chicago,Pelicans,New Orleans
0022500462,2025-12-31,Regular Season,1610612766,1610612744,125,132,2025-26,Hornets,Charlotte,Warriors,Golden State
0022500467,2025-12-31,Regular Season,1610612759,1610612752,134,132,2025-26,Spurs,San Antonio,Knicks,New York
0022500471,2026-01-01,Regular Season,1610612751,1610612745,96,120,2025-26,Nets,Brooklyn,Rockets,Houston
0022500473,2026-01-01,Regular Season,1610612742,1610612755,108,123,2025-26,Mavericks,Dallas,76ers,Philadelphia
0022500474,2026-01-01,Regular Season,1610612758,1610612738,106,120,2025-26,Kings,Sacramento,Celtics,Boston
0022500475,2026-01-01,Regular Season,1610612746,1610612762,118,101,2025-26,Clippers,LA,Jazz,Utah
0022500472,2026-01-01,Regular Season,1610612765,1610612748,112,118,2025-26,Pistons,Detroit,Heat,Miami
0022500485,2026-01-02,Regular Season,1610612747,1610612763,128,121,2025-26,Lakers,Los Angeles,Grizzlies,Memphis
0022500479,2026-01-02,Regular Season,1610612752,1610612737,99,111,2025-26,Knicks,New York,Hawks,Atlanta
0022500483,2026-01-02,Regular Season,1610612756,1610612758,129,102,2025-26,Suns,Phoenix,Kings,Sacramento
0022500478,2026-01-02,Regular Season,1610612739,1610612743,113,108,2025-26,Cavaliers,Cleveland,Nuggets,Denver
0022500480,2026-01-02,Regular Season,1610612741,1610612753,121,114,2025-26,Bulls,Chicago,Magic,Orlando
0022500482,2026-01-02,Regular Season,1610612740,1610612757,109,122,2025-26,Pelicans,New Orleans,Blazers,Portland Trail
0022500481,2026-01-02,Regular Season,1610612749,1610612766,122,121,2025-26,Bucks,Milwaukee,Hornets,Charlotte
0022500484,2026-01-02,Regular Season,1610612744,1610612760,94,131,2025-26,Warriors,Golden State,Thunder,Oklahoma City
0022500477,2026-01-02,Regular Season,1610612764,1610612751,119,99,2025-26,Wizards,Washington,Nets,Brooklyn
0022500476,2026-01-02,Regular Season,1610612754,1610612759,113,123,2025-26,Pacers,Indiana,Spurs,San Antonio
0022500492,2026-01-03,Regular Season,1610612744,1610612762,123,114,2025-26,Warriors,Golden State,Jazz,Utah
0022500486,2026-01-03,Regular Season,1610612748,1610612750,115,125,2025-26,Heat,Miami,Timberwolves,Minnesota
0022500493,2026-01-03,Regular Season,1610612746,1610612738,115,146,2025-26,Clippers,LA,Celtics,Boston
0022500487,2026-01-03,Regular Season,1610612752,1610612755,119,130,2025-26,Knicks,New York,76ers,Philadelphia
0022500488,2026-01-03,Regular Season,1610612761,1610612737,134,117,2025-26,Raptors,Toronto,Hawks,Atlanta
0022500490,2026-01-03,Regular Season,1610612759,1610612757,110,115,2025-26,Spurs,San Antonio,Blazers,Portland Trail
0022500489,2026-01-03,Regular Season,1610612741,1610612766,99,112,2025-26,Bulls,Chicago,Hornets,Charlotte
0022500491,2026-01-03,Regular Season,1610612742,1610612745,110,104,2025-26,Mavericks,Dallas,Rockets,Houston
0022500496,2026-01-04,Regular Season,1610612751,1610612743,127,115,2025-26,Nets,Brooklyn,Nuggets,Denver
0022500497,2026-01-04,Regular Season,1610612748,1610612740,125,106,2025-26,Heat,Miami,Pelicans,New Orleans
0022500494,2026-01-04,Regular Season,1610612739,1610612765,110,114,2025-26,Cavaliers,Cleveland,Pistons,Detroit
0022500499,2026-01-04,Regular Season,1610612756,1610612760,108,105,2025-26,Suns,Phoenix,Thunder,Oklahoma City
0022500500,2026-01-04,Regular Season,1610612758,1610612749,98,115,2025-26,Kings,Sacramento,Bucks,Milwaukee
0022500498,2026-01-04,Regular Season,1610612764,1610612750,115,141,2025-26,Wizards,Washington,Timberwolves,Minnesota
0022500495,2026-01-04,Regular Season,1610612753,1610612754,135,127,2025-26,Magic,Orlando,Pacers,Indiana
0022500501,2026-01-04,Regular Season,1610612747,1610612763,120,114,2025-26,Lakers,Los Angeles,Grizzlies,Memphis
0022500505,2026-01-05,Regular Season,1610612745,1610612756,100,97,2025-26,Rockets,Houston,Suns,Phoenix
0022500509,2026-01-05,Regular Season,1610612757,1610612762,137,117,2025-26,Blazers,Portland Trail,Jazz,Utah
0022500503,2026-01-05,Regular Season,1610612738,1610612741,115,101,2025-26,Celtics,Boston,Bulls,Chicago
0022500504,2026-01-05,Regular Season,1610612761,1610612737,118,100,2025-26,Raptors,Toronto,Hawks,Atlanta
0022500506,2026-01-05,Regular Season,1610612760,1610612766,97,124,2025-26,Thunder,Oklahoma City,Hornets,Charlotte
0022500502,2026-01-05,Regular Season,1610612765,1610612752,121,90,2025-26,Pistons,Detroit,Knicks,New York
0022500507,2026-01-05,Regular Season,1610612755,1610612743,124,125,2025-26,76ers,Philadelphia,Nuggets,Denver
0022500508,2026-01-05,Regular Season,1610612746,1610612744,103,102,2025-26,Clippers,LA,Warriors,Golden State
0022500511,2026-01-06,Regular Season,1610612764,1610612753,120,112,2025-26,Wizards,Washington,Magic,Orlando
0022500513,2026-01-06,Regular Season,1610612750,1610612748,122,94,2025-26,Timberwolves,Minnesota,Heat,Miami
0022500514,2026-01-06,Regular Season,1610612740,1610612747,103,111,2025-26,Pelicans,New Orleans,Lakers,Los Angeles
0022500515,2026-01-06,Regular Season,1610612758,1610612742,98,100,2025-26,Kings,Sacramento,Mavericks,Dallas
0022500512,2026-01-06,Regular Season,1610612763,1610612759,106,105,2025-26,Grizzlies,Memphis,Spurs,San Antonio
0022500510,2026-01-06,Regular Season,1610612754,1610612739,116,120,2025-26,Pacers,Indiana,Cavaliers,Cleveland
0022500527,2026-01-07,Regular Season,1610612757,1610612745,103,102,2025-26,Blazers,Portland Trail,Rockets,Houston
0022500520,2026-01-07,Regular Season,1610612738,1610612743,110,114,2025-26,Celtics,Boston,Nuggets,Denver
0022500518,2026-01-07,Regular Season,1610612755,1610612764,131,110,2025-26,76ers,Philadelphia,Wizards,Washington
0022500516,2026-01-07,Regular Season,1610612766,1610612761,96,97,2025-26,Hornets,Charlotte,Raptors,Toronto
0022500521,2026-01-07,Regular Season,1610612751,1610612753,103,104,2025-26,Nets,Brooklyn,Magic,Orlando
0022500517,2026-01-07,Regular Season,1610612765,1610612741,108,93,2025-26,Pistons,Detroit,Bulls,Chicago
0022500524,2026-01-07,Regular Season,1610612763,1610612756,98,117,2025-26,Grizzlies,Memphis,Suns,Phoenix
0022500525,2026-01-07,Regular Season,1610612760,1610612762,129,125,2025-26,Thunder,Oklahoma City,Jazz,Utah
0022500519,2026-01-07,Regular Season,1610612737,1610612740,117,100,2025-26,Hawks,Atlanta,Pelicans,New Orleans
0022500522,2026-01-07,Regular Season,1610612752,1610612746,123,111,2025-26,Knicks,New York,Clippers,LA
0022500526,2026-01-07,Regular Season,1610612744,1610612749,120,113,2025-26,Warriors,Golden State,Bucks,Milwaukee
0022500523,2026-01-07,Regular Season,1610612759,1610612747,107,91,2025-26,Spurs,San Antonio,Lakers,Los Angeles
0022500530,2026-01-08,Regular Season,1610612750,1610612739,131,122,2025-26,Timberwolves,Minnesota,Cavaliers,Cleveland
0022500531,2026-01-08,Regular Season,1610612762,1610612742,116,114,2025-26,Jazz,Utah,Mavericks,Dallas
0022500528,2026-01-08,Regular Season,1610612766,1610612754,112,114,2025-26,Hornets,Charlotte,Pacers,Indiana
0022500539,2026-01-09,Regular Season,1610612744,1610612758,137,103,2025-26,Warriors,Golden State,Kings,Sacramento
0022500540,2026-01-09,Regular Season,1610612757,1610612745,111,105,2025-26,Blazers,Portland Trail,Rockets,Houston
0022500534,2026-01-09,Regular Season,1610612764,1610612740,107,128,2025-26,Wizards,Washington,Pelicans,New Orleans
0022500535,2026-01-09,Regular Season,1610612751,1610612746,105,121,2025-26,Nets,Brooklyn,Clippers,LA
0022500541,2026-01-09,Regular Season,1610612747,1610612749,101,105,2025-26,Lakers,Los Angeles,Bucks,Milwaukee
0022500536,2026-01-09,Regular Season,1610612763,1610612760,116,117,2025-26,Grizzlies,Memphis,Thunder,Oklahoma City
0022500532,2026-01-09,Regular Season,1610612738,1610612761,125,117,2025-26,Celtics,Boston,Raptors,Toronto
0022500538,2026-01-09,Regular Season,1610612756,1610612752,112,107,2025-26,Suns,Phoenix,Knicks,New York
0022500537,2026-01-09,Regular Season,1610612743,1610612737,87,110,2025-26,Nuggets,Denver,Hawks,Atlanta
0022500533,2026-01-09,Regular Season,1610612753,1610612755,91,103,2025-26,Magic,Orlando,76ers,Philadelphia
0022500545,2026-01-10,Regular Season,1610612738,1610612759,95,100,2025-26,Celtics,Boston,Spurs,San Antonio
0022500543,2026-01-10,Regular Season,1610612754,1610612748,123,99,2025-26,Pacers,Indiana,Heat,Miami
0022500547,2026-01-10,Regular Season,1610612762,1610612766,95,150,2025-26,Jazz,Utah,Hornets,Charlotte
0022500546,2026-01-10,Regular Season,1610612741,1610612742,125,107,2025-26,Bulls,Chicago,Mavericks,Dallas
0022500544,2026-01-10,Regular Season,1610612765,1610612746,92,98,2025-26,Pistons,Detroit,Clippers,LA
0022500542,2026-01-10,Regular Season,1610612739,1610612750,146,134,2025-26,Cavaliers,Cleveland,Timberwolves,Minnesota
0022500555,2026-01-11,Regular Season,1610612756,1610612764,112,93,2025-26,Suns,Phoenix,Wizards,Washington
0022500552,2026-01-11,Regular Season,1610612750,1610612759,104,103,2025-26,Timberwolves,Minnesota,Spurs,San Antonio
0022500553,2026-01-11,Regular Season,1610612760,1610612748,124,112,2025-26,Thunder,Oklahoma City,Heat,Miami
0022500554,2026-01-11,Regular Season,1610612743,1610612749,108,104,2025-26,Nuggets,Denver,Bucks,Milwaukee
0022500551,2026-01-11,Regular Season,1610612757,1610612752,114,123,2025-26,Blazers,Portland Trail,Knicks,New York
0022500557,2026-01-11,Regular Season,1610612758,1610612745,111,98,2025-26,Kings,Sacramento,Rockets,Houston
0022500548,2026-01-11,Regular Season,1610612753,1610612740,128,118,2025-26,Magic,Orlando,Pelicans,New Orleans
0022500550,2026-01-11,Regular Season,1610612761,1610612755,116,115,2025-26,Raptors,Toronto,76ers,Philadelphia
0022500556,2026-01-11,Regular Season,1610612744,1610612737,111,124,2025-26,Warriors,Golden State,Hawks,Atlanta
0022500549,2026-01-11,Regular Season,1610612763,1610612751,103,98,2025-26,Grizzlies,Memphis,Nets,Brooklyn
0022500561,2026-01-12,Regular Season,1610612742,1610612751,113,105,2025-26,Mavericks,Dallas,Nets,Brooklyn
0022500560,2026-01-12,Regular Season,1610612761,1610612755,102,115,2025-26,Raptors,Toronto,76ers,Philadelphia
0022500559,2026-01-12,Regular Season,1610612754,1610612738,98,96,2025-26,Pacers,Indiana,Celtics,Boston
0022500558,2026-01-12,Regular Season,1610612739,1610612762,112,123,2025-26,Cavaliers,Cleveland,Jazz,Utah
0022500562,2026-01-12,Regular Season,1610612758,1610612747,124,112,2025-26,Kings,Sacramento,Lakers,Los Angeles
0022500563,2026-01-12,Regular Season,1610612746,1610612766,117,109,2025-26,Clippers,LA,Hornets,Charlotte
0022500565,2026-01-13,Regular Season,1610612745,1610612741,119,113,2025-26,Rockets,Houston,Bulls,Chicago
0022500567,2026-01-13,Regular Season,1610612740,1610612743,116,122,2025-26,Pelicans,New Orleans,Nuggets,Denver
0022500566,2026-01-13,Regular Season,1610612749,1610612750,106,139,2025-26,Bucks,Milwaukee,Timberwolves,Minnesota
0022500569,2026-01-13,Regular Season,1610612747,1610612737,141,116,2025-26,Lakers,Los Angeles,Hawks,Atlanta
0022500570,2026-01-13,Regular Season,1610612744,1610612757,119,97,2025-26,Warriors,Golden State,Blazers,Portland Trail
0022500568,2026-01-13,Regular Season,1610612760,1610612759,119,98,2025-26,Thunder,Oklahoma City,Spurs,San Antonio
0022500564,2026-01-13,Regular Season,1610612748,1610612756,127,121,2025-26,Heat,Miami,Suns,Phoenix
0022500574,2026-01-14,Regular Season,1610612740,1610612751,116,113,2025-26,Pelicans,New Orleans,Nets,Brooklyn
0022500573,2026-01-14,Regular Season,1610612741,1610612762,128,126,2025-26,Bulls,Chicago,Jazz,Utah
0022500576,2026-01-14,Regular Season,1610612758,1610612752,112,101,2025-26,Kings,Sacramento,Knicks,New York
0022500571,2026-01-14,Regular Season,1610612754,1610612761,101,115,2025-26,Pacers,Indiana,Raptors,Toronto
0022500575,2026-01-14,Regular Season,1610612742,1610612743,109,118,2025-26,Mavericks,Dallas,Nuggets,Denver
0022500577,2026-01-14,Regular Season,1610612746,1610612764,119,105,2025-26,Clippers,LA,Wizards,Washington
0022500572,2026-01-14,Regular Season,1610612755,1610612739,107,133,2025-26,76ers,Philadelphia,Cavaliers,Cleveland
0022500579,2026-01-15,Regular Season,1610612765,1610612756,108,105,2025-26,Pistons,Detroit,Suns,Phoenix
0022500581,2026-01-15,Regular Season,1610612745,1610612760,91,111,2025-26,Rockets,Houston,Thunder,Oklahoma City
0022500582,2026-01-15,Regular Season,1610612759,1610612749,119,101,2025-26,Spurs,San Antonio,Bucks,Milwaukee
0022500585,2026-01-15,Regular Season,1610612757,1610612737,117,101,2025-26,Blazers,Portland Trail,Hawks,Atlanta
0022500583,2026-01-15,Regular Season,1610612742,1610612762,144,122,2025-26,Mavericks,Dallas,Jazz,Utah
0022500580,2026-01-15,Regular Season,1610612748,1610612738,114,119,2025-26,Heat,Miami,Celtics,Boston
0022500586,2026-01-15,Regular Season,1610612747,1610612766,117,135,2025-26,Lakers,Los Angeles,Hornets,Charlotte
0022500584,2026-01-15,Regular Season,1610612744,1610612752,126,113,2025-26,Warriors,Golden State,Knicks,New York
0022500588,2026-01-16,Regular Season,1610612754,1610612740,127,119,2025-26,Pacers,Indiana,Pelicans,New Orleans
0022500587,2026-01-16,Regular Season,1610612751,1610612741,112,109,2025-26,Nets,Brooklyn,Bulls,Chicago
0022500590,2026-01-16,Regular Season,1610612761,1610612746,117,121,2025-26,Raptors,Toronto,Clippers,LA
0022500589,2026-01-16,Regular Season,1610612755,1610612739,115,117,2025-26,76ers,Philadelphia,Cavaliers,Cleveland
0022500592,2026-01-16,Regular Season,1610612758,1610612764,128,115,2025-26,Kings,Sacramento,Wizards,Washington
0022500591,2026-01-16,Regular Season,1610612745,1610612750,110,105,2025-26,Rockets,Houston,Timberwolves,Minnesota
0022500596,2026-01-17,Regular Season,1610612752,1610612756,99,106,2025-26,Knicks,New York,Suns,Phoenix
0022500593,2026-01-17,Regular Season,1610612742,1610612762,138,120,2025-26,Mavericks,Dallas,Jazz,Utah
0022500599,2026-01-17,Regular Season,1610612744,1610612766,136,116,2025-26,Warriors,Golden State,Hornets,Charlotte
0022500595,2026-01-17,Regular Season,1610612765,1610612754,121,78,2025-26,Pistons,Detroit,Pacers,Indiana
0022500598,2026-01-17,Regular Season,1610612759,1610612750,126,123,2025-26,Spurs,San Antonio,Timberwolves,Minnesota
0022500601,2026-01-17,Regular Season,1610612757,1610612747,132,116,2025-26,Blazers,Portland Trail,Lakers,Los Angeles
0022500600,2026-01-17,Regular Season,1610612743,1610612764,121,115,2025-26,Nuggets,Denver,Wizards,Washington
0022500594,2026-01-17,Regular Season,1610612737,1610612738,106,132,2025-26,Hawks,Atlanta,Celtics,Boston
0022500597,2026-01-17,Regular Season,1610612748,1610612760,122,120,2025-26,Heat,Miami,Thunder,Oklahoma City
0022500606,2026-01-18,Regular Season,1610612758,1610612757,110,117,2025-26,Kings,Sacramento,Blazers,Portland Trail
0022500603,2026-01-18,Regular Season,1610612741,1610612751,124,102,2025-26,Bulls,Chicago,Nets,Brooklyn
0022500605,2026-01-18,Regular Season,1610612743,1610612766,87,110,2025-26,Nuggets,Denver,Hornets,Charlotte
0022500607,2026-01-18,Regular Season,1610612747,1610612761,110,93,2025-26,Lakers,Los Angeles,Raptors,Toronto
0022500604,2026-01-18,Regular Season,1610612745,1610612740,119,110,2025-26,Rockets,Houston,Pelicans,New Orleans
0022500609,2026-01-19,Regular Season,1610612755,1610612754,113,104,2025-26,76ers,Philadelphia,Pacers,Indiana
0022500014,2026-01-19,Regular Season,1610612737,1610612749,110,112,2025-26,Hawks,Atlanta,Bucks,Milwaukee
0022500015,2026-01-19,Regular Season,1610612739,1610612760,104,136,2025-26,Cavaliers,Cleveland,Thunder,Oklahoma City
0022500016,2026-01-19,Regular Season,1610612752,1610612742,97,114,2025-26,Knicks,New York,Mavericks,Dallas
0022500610,2026-01-19,Regular Season,1610612751,1610612756,117,126,2025-26,Nets,Brooklyn,Suns,Phoenix
0022500612,2026-01-19,Regular Season,1610612744,1610612748,135,112,2025-26,Warriors,Golden State,Heat,Miami
0022500611,2026-01-19,Regular Season,1610612759,1610612762,123,110,2025-26,Spurs,San Antonio,Jazz,Utah
0022500017,2026-01-19,Regular Season,1610612765,1610612738,104,103,2025-26,Pistons,Detroit,Celtics,Boston
0022500608,2026-01-19,Regular Season,1610612764,1610612746,106,110,2025-26,Wizards,Washington,Clippers,LA
0022500619,2026-01-20,Regular Season,1610612758,1610612748,117,130,2025-26,Kings,Sacramento,Heat,Miami
0022500617,2026-01-20,Regular Season,1610612743,1610612747,107,115,2025-26,Nuggets,Denver,Lakers,Los Angeles
0022500615,2026-01-20,Regular Season,1610612745,1610612759,111,106,2025-26,Rockets,Houston,Spurs,San Antonio
0022500613,2026-01-20,Regular Season,1610612755,1610612756,110,116,2025-26,76ers,Philadelphia,Suns,Phoenix
0022500614,2026-01-20,Regular Season,1610612741,1610612746,138,110,2025-26,Bulls,Chicago,Clippers,LA
0022500618,2026-01-20,Regular Season,1610612744,1610612761,127,145,2025-26,Warriors,Golden State,Raptors,Toronto
0022500616,2026-01-20,Regular Season,1610612762,1610612750,127,122,2025-26,Jazz,Utah,Timberwolves,Minnesota
0022500623,2026-01-21,Regular Season,1610612763,1610612737,122,124,2025-26,Grizzlies,Memphis,Hawks,Atlanta
0022500625,2026-01-21,Regular Season,1610612749,1610612760,102,122,2025-26,Bucks,Milwaukee,Thunder,Oklahoma City
0022500626,2026-01-21,Regular Season,1610612758,1610612761,109,122,2025-26,Kings,Sacramento,Raptors,Toronto
0022500621,2026-01-21,Regular Season,1610612738,1610612754,119,104,2025-26,Celtics,Boston,Pacers,Indiana
0022500624,2026-01-21,Regular Season,1610612740,1610612765,104,112,2025-26,Pelicans,New Orleans,Pistons,Detroit
0022500620,2026-01-21,Regular Season,1610612766,1610612739,87,94,2025-26,Hornets,Charlotte,Cavaliers,Cleveland
0022500622,2026-01-21,Regular Season,1610612752,1610612751,120,66,2025-26,Knicks,New York,Nets,Brooklyn
0022500629,2026-01-22,Regular Season,1610612764,1610612743,97,107,2025-26,Wizards,Washington,Nuggets,Denver
0022500633,2026-01-22,Regular Season,1610612746,1610612747,112,104,2025-26,Clippers,LA,Lakers,Los Angeles
0022500631,2026-01-22,Regular Season,1610612750,1610612741,115,120,2025-26,Timberwolves,Minnesota,Bulls,Chicago
0022500627,2026-01-22,Regular Season,1610612753,1610612766,97,124,2025-26,Magic,Orlando,Hornets,Charlotte
0022500634,2026-01-22,Regular Season,1610612757,1610612748,127,110,2025-26,Blazers,Portland Trail,Heat,Miami
0022500628,2026-01-22,Regular Season,1610612755,1610612745,128,122,2025-26,76ers,Philadelphia,Rockets,Houston
0022500632,2026-01-22,Regular Season,1610612762,1610612759,109,126,2025-26,Jazz,Utah,Spurs,San Antonio
0022500630,2026-01-22,Regular Season,1610612742,1610612744,123,115,2025-26,Mavericks,Dallas,Warriors,Golden State
0022500636,2026-01-23,Regular Season,1610612737,1610612756,110,103,2025-26,Hawks,Atlanta,Suns,Phoenix
0022500640,2026-01-23,Regular Season,1610612749,1610612743,100,102,2025-26,Bucks,Milwaukee,Nuggets,Denver
0022500637,2026-01-23,Regular Season,1610612751,1610612738,126,130,2025-26,Nets,Brooklyn,Celtics,Boston
0022500642,2026-01-23,Regular Season,1610612757,1610612761,98,110,2025-26,Blazers,Portland Trail,Raptors,Toronto
0022500635,2026-01-23,Regular Season,1610612765,1610612745,104,111,2025-26,Pistons,Detroit,Rockets,Houston
0022500638,2026-01-23,Regular Season,1610612739,1610612758,123,118,2025-26,Cavaliers,Cleveland,Kings,Sacramento
0022500641,2026-01-23,Regular Season,1610612760,1610612754,114,117,2025-26,Thunder,Oklahoma City,Pacers,Indiana
0022500639,2026-01-23,Regular Season,1610612763,1610612740,127,133,2025-26,Grizzlies,Memphis,Pelicans,New Orleans
0022500649,2026-01-24,Regular Season,1610612762,1610612748,116,147,2025-26,Jazz,Utah,Heat,Miami
0022500647,2026-01-24,Regular Season,1610612741,1610612738,114,111,2025-26,Bulls,Chicago,Celtics,Boston
0022500643,2026-01-24,Regular Season,1610612755,1610612752,109,112,2025-26,76ers,Philadelphia,Knicks,New York
0022500646,2026-01-24,Regular Season,1610612753,1610612739,105,119,2025-26,Magic,Orlando,Cavaliers,Cleveland
0022500645,2026-01-24,Regular Season,1610612766,1610612764,119,115,2025-26,Hornets,Charlotte,Wizards,Washington
0022500648,2026-01-24,Regular Season,1610612742,1610612747,110,116,2025-26,Mavericks,Dallas,Lakers,Los Angeles
0022500656,2026-01-25,Regular Season,1610612746,1610612751,126,89,2025-26,Clippers,LA,Nets,Brooklyn
0022500644,2026-01-25,Regular Season,1610612750,1610612744,85,111,2025-26,Timberwolves,Minnesota,Warriors,Golden State
0022500655,2026-01-25,Regular Season,1610612756,1610612748,102,111,2025-26,Suns,Phoenix,Heat,Miami
0022500653,2026-01-25,Regular Season,1610612760,1610612761,101,103,2025-26,Thunder,Oklahoma City,Raptors,Toronto
0022500654,2026-01-25,Regular Season,1610612759,1610612740,95,104,2025-26,Spurs,San Antonio,Pelicans,New Orleans
0022500650,2026-01-25,Regular Season,1610612765,1610612758,139,116,2025-26,Pistons,Detroit,Kings,Sacramento
0022500661,2026-01-26,Regular Season,1610612741,1610612747,118,129,2025-26,Bulls,Chicago,Lakers,Los Angeles
0022500657,2026-01-26,Regular Season,1610612766,1610612755,130,93,2025-26,Hornets,Charlotte,76ers,Philadelphia
0022500663,2026-01-26,Regular Season,1610612750,1610612744,108,83,2025-26,Timberwolves,Minnesota,Warriors,Golden State
0022500658,2026-01-26,Regular Season,1610612739,1610612753,114,98,2025-26,Cavaliers,Cleveland,Magic,Orlando
0022500660,2026-01-26,Regular Season,1610612738,1610612757,102,94,2025-26,Celtics,Boston,Blazers,Portland Trail
0022500662,2026-01-26,Regular Season,1610612745,1610612763,108,99,2025-26,Rockets,Houston,Grizzlies,Memphis
0022500659,2026-01-26,Regular Season,1610612737,1610612754,132,116,2025-26,Hawks,Atlanta,Pacers,Indiana
0022500664,2026-01-27,Regular Season,1610612764,1610612757,115,111,2025-26,Wizards,Washington,Blazers,Portland Trail
0022500668,2026-01-27,Regular Season,1610612743,1610612765,107,109,2025-26,Nuggets,Denver,Pistons,Detroit
0022500667,2026-01-27,Regular Season,1610612760,1610612740,104,95,2025-26,Thunder,Oklahoma City,Pelicans,New Orleans
0022500666,2026-01-27,Regular Season,1610612755,1610612749,139,122,2025-26,76ers,Philadelphia,Bucks,Milwaukee
0022500670,2026-01-27,Regular Season,1610612762,1610612746,103,115,2025-26,Jazz,Utah,Clippers,LA
0022500669,2026-01-27,Regular Season,1610612756,1610612751,106,102,2025-26,Suns,Phoenix,Nets,Brooklyn
0022500665,2026-01-27,Regular Season,1610612752,1610612758,103,87,2025-26,Knicks,New York,Kings,Sacramento
0022500679,2026-01-28,Regular Season,1610612745,1610612759,99,111,2025-26,Rockets,Houston,Spurs,San Antonio
0022500677,2026-01-28,Regular Season,1610612742,1610612750,105,118,2025-26,Mavericks,Dallas,Timberwolves,Minnesota
0022500676,2026-01-28,Regular Season,1610612763,1610612766,97,112,2025-26,Grizzlies,Memphis,Hornets,Charlotte
0022500674,2026-01-28,Regular Season,1610612748,1610612753,124,133,2025-26,Heat,Miami,Magic,Orlando
0022500672,2026-01-28,Regular Season,1610612754,1610612741,113,110,2025-26,Pacers,Indiana,Bulls,Chicago
0022500675,2026-01-28,Regular Season,1610612761,1610612752,92,119,2025-26,Raptors,Toronto,Knicks,New York
0022500673,2026-01-28,Regular Season,1610612738,1610612737,106,117,2025-26,Celtics,Boston,Hawks,Atlanta
0022500678,2026-01-28,Regular Season,1610612762,1610612744,124,140,2025-26,Jazz,Utah,Warriors,Golden State
0022500671,2026-01-28,Regular Season,1610612739,1610612747,129,99,2025-26,Cavaliers,Cleveland,Lakers,Los Angeles
0022500681,2026-01-29,Regular Season,1610612764,1610612749,109,99,2025-26,Wizards,Washington,Bucks,Milwaukee
0022500683,2026-01-29,Regular Season,1610612742,1610612766,121,123,2025-26,Mavericks,Dallas,Hornets,Charlotte
0022500684,2026-01-29,Regular Season,1610612743,1610612751,107,103,2025-26,Nuggets,Denver,Nets,Brooklyn
0022500680,2026-01-29,Regular Season,1610612755,1610612758,113,111,2025-26,76ers,Philadelphia,Kings,Sacramento
0022500529,2026-01-29,Regular Season,1610612741,1610612748,113,116,2025-26,Bulls,Chicago,Heat,Miami
0022500685,2026-01-29,Regular Season,1610612756,1610612765,114,96,2025-26,Suns,Phoenix,Pistons,Detroit
0022500686,2026-01-29,Regular Season,1610612750,1610612760,123,111,2025-26,Timberwolves,Minnesota,Thunder,Oklahoma City
0022500682,2026-01-29,Regular Season,1610612737,1610612745,86,104,2025-26,Hawks,Atlanta,Rockets,Houston
0022500696,2026-01-30,Regular Season,1610612744,1610612765,124,131,2025-26,Warriors,Golden State,Pistons,Detroit
0022500693,2026-01-30,Regular Season,1610612756,1610612739,126,113,2025-26,Suns,Phoenix,Cavaliers,Cleveland
0022500691,2026-01-30,Regular Season,1610612740,1610612763,114,106,2025-26,Pelicans,New Orleans,Grizzlies,Memphis
0022500687,2026-01-30,Regular Season,1610612753,1610612761,130,120,2025-26,Magic,Orlando,Raptors,Toronto
0022500695,2026-01-30,Regular Season,1610612743,1610612746,122,109,2025-26,Nuggets,Denver,Clippers,LA
0022500688,2026-01-30,Regular Season,1610612764,1610612747,111,142,2025-26,Wizards,Washington,Lakers,Los Angeles
0022500689,2026-01-30,Regular Season,1610612738,1610612758,112,93,2025-26,Celtics,Boston,Kings,Sacramento
0022500690,2026-01-30,Regular Season,1610612752,1610612757,127,97,2025-26,Knicks,New York,Blazers,Portland Trail
0022500694,2026-01-30,Regular Season,1610612762,1610612751,99,109,2025-26,Jazz,Utah,Nets,Brooklyn
0022500692,2026-01-31,Regular Season,1610612748,1610612741,118,125,2025-26,Heat,Miami,Bulls,Chicago
0022500701,2026-01-31,Regular Season,1610612745,1610612742,111,107,2025-26,Rockets,Houston,Mavericks,Dallas
0022500697,2026-01-31,Regular Season,1610612766,1610612759,111,106,2025-26,Hornets,Charlotte,Spurs,San Antonio
0022500698,2026-01-31,Regular Season,1610612754,1610612737,129,124,2025-26,Pacers,Indiana,Hawks,Atlanta
0022500700,2026-01-31,Regular Season,1610612763,1610612750,114,131,2025-26,Grizzlies,Memphis,Timberwolves,Minnesota
0022500699,2026-01-31,Regular Season,1610612755,1610612740,124,114,2025-26,76ers,Philadelphia,Pelicans,New Orleans
0022500702,2026-02-01,Regular Season,1610612738,1610612749,107,79,2025-26,Celtics,Boston,Bucks,Milwaukee
0022500709,2026-02-01,Regular Season,1610612756,1610612746,93,117,2025-26,Suns,Phoenix,Clippers,LA
0022500705,2026-02-01,Regular Season,1610612748,1610612741,134,91,2025-26,Heat,Miami,Bulls,Chicago
0022500710,2026-02-01,Regular Season,1610612757,1610612739,111,130,2025-26,Blazers,Portland Trail,Cavaliers,Cleveland
0022500704,2026-02-01,Regular Season,1610612765,1610612751,130,77,2025-26,Pistons,Detroit,Nets,Brooklyn
0022500703,2026-02-01,Regular Season,1610612759,1610612753,112,103,2025-26,Spurs,San Antonio,Magic,Orlando
0022500706,2026-02-01,Regular Season,1610612761,1610612762,107,100,2025-26,Raptors,Toronto,Jazz,Utah
0022500708,2026-02-01,Regular Season,1610612752,1610612747,112,100,2025-26,Knicks,New York,Lakers,Los Angeles
0022500707,2026-02-01,Regular Season,1610612764,1610612758,116,112,2025-26,Wizards,Washington,Kings,Sacramento
0022500711,2026-02-01,Regular Season,1610612743,1610612760,111,121,2025-26,Nuggets,Denver,Thunder,Oklahoma City
0022500713,2026-02-02,Regular Season,1610612754,1610612745,114,118,2025-26,Pacers,Indiana,Rockets,Houston
0022500714,2026-02-02,Regular Season,1610612763,1610612750,137,128,2025-26,Grizzlies,Memphis,Timberwolves,Minnesota
0022500715,2026-02-02,Regular Season,1610612746,1610612755,113,128,2025-26,Clippers,LA,76ers,Philadelphia
0022500712,2026-02-02,Regular Season,1610612766,1610612740,102,95,2025-26,Hornets,Charlotte,Pelicans,New Orleans
0022500722,2026-02-03,Regular Season,1610612749,1610612741,131,115,2025-26,Bucks,Milwaukee,Bulls,Chicago
0022500724,2026-02-03,Regular Season,1610612744,1610612755,94,113,2025-26,Warriors,Golden State,76ers,Philadelphia
0022500720,2026-02-03,Regular Season,1610612748,1610612737,115,127,2025-26,Heat,Miami,Hawks,Atlanta
0022500716,2026-02-03,Regular Season,1610612765,1610612743,124,121,2025-26,Pistons,Detroit,Nuggets,Denver
0022500725,2026-02-03,Regular Season,1610612757,1610612756,125,130,2025-26,Blazers,Portland Trail,Suns,Phoenix
0022500718,2026-02-03,Regular Season,1610612764,1610612752,101,132,2025-26,Wizards,Washington,Knicks,New York
0022500719,2026-02-03,Regular Season,1610612751,1610612747,109,125,2025-26,Nets,Brooklyn,Lakers,Los Angeles
0022500717,2026-02-03,Regular Season,1610612754,1610612762,122,131,2025-26,Pacers,Indiana,Jazz,Utah
0022500721,2026-02-03,Regular Season,1610612742,1610612738,100,110,2025-26,Mavericks,Dallas,Celtics,Boston
0022500723,2026-02-03,Regular Season,1610612760,1610612753,128,92,2025-26,Thunder,Oklahoma City,Magic,Orlando
0022500732,2026-02-04,Regular Season,1610612746,1610612739,91,124,2025-26,Clippers,LA,Cavaliers,Cleveland
0022500729,2026-02-04,Regular Season,1610612749,1610612740,141,137,2025-26,Bucks,Milwaukee,Pelicans,New Orleans
0022500730,2026-02-04,Regular Season,1610612759,1610612760,116,106,2025-26,Spurs,San Antonio,Thunder,Oklahoma City
0022500731,2026-02-04,Regular Season,1610612758,1610612763,125,129,2025-26,Kings,Sacramento,Grizzlies,Memphis
0022500726,2026-02-04,Regular Season,1610612752,1610612743,134,127,2025-26,Knicks,New York,Nuggets,Denver
0022500727,2026-02-04,Regular Season,1610612761,1610612750,126,128,2025-26,Raptors,Toronto,Timberwolves,Minnesota
0022500728,2026-02-04,Regular Season,1610612745,1610612738,93,114,2025-26,Rockets,Houston,Celtics,Boston
0022500735,2026-02-05,Regular Season,1610612737,1610612762,121,119,2025-26,Hawks,Atlanta,Jazz,Utah
0022500736,2026-02-05,Regular Season,1610612761,1610612741,123,107,2025-26,Raptors,Toronto,Bulls,Chicago
0022500734,2026-02-05,Regular Season,1610612753,1610612751,118,98,2025-26,Magic,Orlando,Nets,Brooklyn
0022500737,2026-02-05,Regular Season,1610612745,1610612766,99,109,2025-26,Rockets,Houston,Hornets,Charlotte
0022500739,2026-02-05,Regular Season,1610612756,1610612744,97,101,2025-26,Suns,Phoenix,Warriors,Golden State
0022500738,2026-02-05,Regular Season,1610612742,1610612759,123,135,2025-26,Mavericks,Dallas,Spurs,San Antonio
0022500733,2026-02-05,Regular Season,1610612765,1610612764,117,126,2025-26,Pistons,Detroit,Wizards,Washington
0022500740,2026-02-05,Regular Season,1610612747,1610612755,119,115,2025-26,Lakers,Los Angeles,76ers,Philadelphia
0022500742,2026-02-06,Regular Season,1610612765,1610612752,118,80,2025-26,Pistons,Detroit,Knicks,New York
0022500741,2026-02-06,Regular Season,1610612738,1610612748,98,96,2025-26,Celtics,Boston,Heat,Miami
0022500744,2026-02-06,Regular Season,1610612750,1610612740,115,119,2025-26,Timberwolves,Minnesota,Pelicans,New Orleans
0022500745,2026-02-06,Regular Season,1610612757,1610612763,135,115,2025-26,Blazers,Portland Trail,Grizzlies,Memphis
0022500746,2026-02-06,Regular Season,1610612758,1610612746,111,114,2025-26,Kings,Sacramento,Clippers,LA
0022500743,2026-02-06,Regular Season,1610612749,1610612754,105,99,2025-26,Bucks,Milwaukee,Pacers,Indiana
0022500750,2026-02-07,Regular Season,1610612753,1610612762,120,117,2025-26,Magic,Orlando,Jazz,Utah
0022500748,2026-02-07,Regular Season,1610612760,1610612745,106,112,2025-26,Thunder,Oklahoma City,Rockets,Houston
0022500754,2026-02-07,Regular Season,1610612756,1610612755,103,109,2025-26,Suns,Phoenix,76ers,Philadelphia
0022500756,2026-02-07,Regular Season,1610612758,1610612739,126,132,2025-26,Kings,Sacramento,Cavaliers,Cleveland
0022500751,2026-02-07,Regular Season,1610612737,1610612766,119,126,2025-26,Hawks,Atlanta,Hornets,Charlotte
0022500747,2026-02-07,Regular Season,1610612751,1610612764,127,113,2025-26,Nets,Brooklyn,Wizards,Washington
0022500755,2026-02-07,Regular Season,1610612757,1610612763,122,115,2025-26,Blazers,Portland Trail,Grizzlies,Memphis
0022500752,2026-02-07,Regular Season,1610612741,1610612743,120,136,2025-26,Bulls,Chicago,Nuggets,Denver
0022500753,2026-02-07,Regular Season,1610612747,1610612744,105,99,2025-26,Lakers,Los Angeles,Warriors,Golden State
0022500749,2026-02-07,Regular Season,1610612759,1610612742,138,125,2025-26,Spurs,San Antonio,Mavericks,Dallas
0022500759,2026-02-08,Regular Season,1610612761,1610612754,122,104,2025-26,Raptors,Toronto,Pacers,Indiana
0022500758,2026-02-08,Regular Season,1610612764,1610612748,101,132,2025-26,Wizards,Washington,Heat,Miami
0022500757,2026-02-08,Regular Season,1610612738,1610612752,89,111,2025-26,Celtics,Boston,Knicks,New York
0022500760,2026-02-08,Regular Season,1610612750,1610612746,96,115,2025-26,Timberwolves,Minnesota,Clippers,LA
0022500767,2026-02-09,Regular Season,1610612743,1610612739,117,119,2025-26,Nuggets,Denver,Cavaliers,Cleveland
0022500765,2026-02-09,Regular Season,1610612750,1610612737,138,116,2025-26,Timberwolves,Minnesota,Hawks,Atlanta
0022500768,2026-02-09,Regular Season,1610612744,1610612763,114,113,2025-26,Warriors,Golden State,Grizzlies,Memphis
0022500761,2026-02-09,Regular Season,1610612766,1610612765,104,110,2025-26,Hornets,Charlotte,Pistons,Detroit
0022500769,2026-02-09,Regular Season,1610612747,1610612760,110,119,2025-26,Lakers,Los Angeles,Thunder,Oklahoma City
0022500770,2026-02-09,Regular Season,1610612757,1610612755,135,118,2025-26,Blazers,Portland Trail,76ers,Philadelphia
0022500764,2026-02-09,Regular Season,1610612753,1610612749,118,99,2025-26,Magic,Orlando,Bucks,Milwaukee
0022500762,2026-02-09,Regular Season,1610612751,1610612741,123,115,2025-26,Nets,Brooklyn,Bulls,Chicago
0022500766,2026-02-09,Regular Season,1610612740,1610612758,120,94,2025-26,Pelicans,New Orleans,Kings,Sacramento
0022500763,2026-02-09,Regular Season,1610612748,1610612762,111,115,2025-26,Heat,Miami,Jazz,Utah
0022500771,2026-02-10,Regular Season,1610612752,1610612754,134,137,2025-26,Knicks,New York,Pacers,Indiana
0022500773,2026-02-10,Regular Season,1610612756,1610612742,120,111,2025-26,Suns,Phoenix,Mavericks,Dallas
0022500774,2026-02-10,Regular Season,1610612747,1610612759,108,136,2025-26,Lakers,Los Angeles,Spurs,San Antonio
0022500772,2026-02-10,Regular Season,1610612745,1610612746,102,95,2025-26,Rockets,Houston,Clippers,LA
0022500788,2026-02-11,Regular Season,1610612744,1610612759,113,126,2025-26,Warriors,Golden State,Spurs,San Antonio
0022500787,2026-02-11,Regular Season,1610612743,1610612763,122,116,2025-26,Nuggets,Denver,Grizzlies,Memphis
0022500779,2026-02-11,Regular Season,1610612751,1610612754,110,115,2025-26,Nets,Brooklyn,Pacers,Indiana
0022500786,2026-02-11,Regular Season,1610612762,1610612758,121,93,2025-26,Jazz,Utah,Kings,Sacramento
0022500780,2026-02-11,Regular Season,1610612755,1610612752,89,138,2025-26,76ers,Philadelphia,Knicks,New York
0022500775,2026-02-11,Regular Season,1610612766,1610612737,110,107,2025-26,Hornets,Charlotte,Hawks,Atlanta
0022500776,2026-02-11,Regular Season,1610612739,1610612764,138,113,2025-26,Cavaliers,Cleveland,Wizards,Washington
0022500784,2026-02-11,Regular Season,1610612740,1610612748,111,123,2025-26,Pelicans,New Orleans,Heat,Miami
0022500777,2026-02-11,Regular Season,1610612753,1610612749,108,116,2025-26,Magic,Orlando,Bucks,Milwaukee
0022500783,2026-02-11,Regular Season,1610612750,1610612757,133,109,2025-26,Timberwolves,Minnesota,Blazers,Portland Trail
0022500781,2026-02-11,Regular Season,1610612761,1610612765,95,113,2025-26,Raptors,Toronto,Pistons,Detroit
0022500778,2026-02-11,Regular Season,1610612738,1610612741,124,105,2025-26,Celtics,Boston,Bulls,Chicago
0022500785,2026-02-11,Regular Season,1610612756,1610612760,109,136,2025-26,Suns,Phoenix,Thunder,Oklahoma City
0022500782,2026-02-11,Regular Season,1610612745,1610612746,102,105,2025-26,Rockets,Houston,Clippers,LA
0022500789,2026-02-12,Regular Season,1610612760,1610612749,93,110,2025-26,Thunder,Oklahoma City,Bucks,Milwaukee
0022500790,2026-02-12,Regular Season,1610612762,1610612757,119,135,2025-26,Jazz,Utah,Blazers,Portland Trail
0022500791,2026-02-12,Regular Season,1610612747,1610612742,124,104,2025-26,Lakers,Los Angeles,Mavericks,Dallas
0022500796,2026-02-19,Regular Season,1610612752,1610612765,111,126,2025-26,Knicks,New York,Pistons,Detroit
0022500794,2026-02-19,Regular Season,1610612755,1610612737,107,117,2025-26,76ers,Philadelphia,Hawks,Atlanta
0022500793,2026-02-19,Regular Season,1610612739,1610612751,112,84,2025-26,Cavaliers,Cleveland,Nets,Brooklyn
0022500801,2026-02-19,Regular Season,1610612746,1610612743,115,114,2025-26,Clippers,LA,Nuggets,Denver
0022500795,2026-02-19,Regular Season,1610612764,1610612754,112,105,2025-26,Wizards,Washington,Pacers,Indiana
0022500798,2026-02-19,Regular Season,1610612759,1610612756,121,94,2025-26,Spurs,San Antonio,Suns,Phoenix
0022500797,2026-02-19,Regular Season,1610612741,1610612761,101,110,2025-26,Bulls,Chicago,Raptors,Toronto
0022500799,2026-02-19,Regular Season,1610612744,1610612738,110,121,2025-26,Warriors,Golden State,Celtics,Boston
0022500800,2026-02-19,Regular Season,1610612758,1610612753,94,131,2025-26,Kings,Sacramento,Magic,Orlando
0022500792,2026-02-19,Regular Season,1610612766,1610612745,101,105,2025-26,Hornets,Charlotte,Rockets,Houston
0022500804,2026-02-20,Regular Season,1610612763,1610612762,123,114,2025-26,Grizzlies,Memphis,Jazz,Utah
0022500808,2026-02-20,Regular Season,1610612760,1610612751,105,86,2025-26,Thunder,Oklahoma City,Nets,Brooklyn
0022500806,2026-02-20,Regular Season,1610612750,1610612742,122,111,2025-26,Timberwolves,Minnesota,Mavericks,Dallas
0022500803,2026-02-20,Regular Season,1610612764,1610612754,131,118,2025-26,Wizards,Washington,Pacers,Indiana
0022500805,2026-02-20,Regular Season,1610612737,1610612748,97,128,2025-26,Hawks,Atlanta,Heat,Miami
0022500810,2026-02-20,Regular Season,1610612757,1610612743,103,157,2025-26,Blazers,Portland Trail,Nuggets,Denver
0022500802,2026-02-20,Regular Season,1610612766,1610612739,113,118,2025-26,Hornets,Charlotte,Cavaliers,Cleveland
0022500809,2026-02-20,Regular Season,1610612747,1610612746,125,122,2025-26,Lakers,Los Angeles,Clippers,LA
0022500807,2026-02-20,Regular Season,1610612740,1610612749,118,139,2025-26,Pelicans,New Orleans,Bucks,Milwaukee
0022500812,2026-02-21,Regular Season,1610612740,1610612755,126,111,2025-26,Pelicans,New Orleans,76ers,Philadelphia
0022500814,2026-02-21,Regular Season,1610612741,1610612765,110,126,2025-26,Bulls,Chicago,Pistons,Detroit
0022500815,2026-02-21,Regular Season,1610612759,1610612758,139,122,2025-26,Spurs,San Antonio,Kings,Sacramento
0022500811,2026-02-21,Regular Season,1610612756,1610612753,113,110,2025-26,Suns,Phoenix,Magic,Orlando
0022500816,2026-02-21,Regular Season,1610612752,1610612745,108,106,2025-26,Knicks,New York,Rockets,Houston
0022500813,2026-02-21,Regular Season,1610612748,1610612763,136,120,2025-26,Heat,Miami,Grizzlies,Memphis
0022500817,2026-02-22,Regular Season,1610612760,1610612739,121,113,2025-26,Thunder,Oklahoma City,Cavaliers,Cleveland
0022500819,2026-02-22,Regular Season,1610612749,1610612761,94,122,2025-26,Bucks,Milwaukee,Raptors,Toronto
0022500825,2026-02-22,Regular Season,1610612741,1610612752,99,105,2025-26,Bulls,Chicago,Knicks,New York
0022500827,2026-02-22,Regular Season,1610612746,1610612753,109,111,2025-26,Clippers,LA,Magic,Orlando
0022500821,2026-02-22,Regular Season,1610612754,1610612742,130,134,2025-26,Pacers,Indiana,Mavericks,Dallas
0022500822,2026-02-22,Regular Season,1610612764,1610612766,112,129,2025-26,Wizards,Washington,Hornets,Charlotte
0022500826,2026-02-22,Regular Season,1610612756,1610612757,77,92,2025-26,Suns,Phoenix,Blazers,Portland Trail
0022500818,2026-02-22,Regular Season,1610612737,1610612751,115,104,2025-26,Hawks,Atlanta,Nets,Brooklyn
0022500820,2026-02-22,Regular Season,1610612744,1610612743,128,117,2025-26,Warriors,Golden State,Nuggets,Denver
0022500823,2026-02-22,Regular Season,1610612747,1610612738,89,111,2025-26,Lakers,Los Angeles,Celtics,Boston
0022500824,2026-02-22,Regular Season,1610612750,1610612755,108,135,2025-26,Timberwolves,Minnesota,76ers,Philadelphia
0022500828,2026-02-23,Regular Season,1610612765,1610612759,103,114,2025-26,Pistons,Detroit,Spurs,San Antonio
0022500829,2026-02-23,Regular Season,1610612763,1610612758,114,123,2025-26,Grizzlies,Memphis,Kings,Sacramento
0022500830,2026-02-23,Regular Season,1610612745,1610612762,125,105,2025-26,Rockets,Houston,Jazz,Utah
0022500833,2026-02-24,Regular Season,1610612751,1610612742,114,123,2025-26,Nets,Brooklyn,Mavericks,Dallas
0022500840,2026-02-24,Regular Season,1610612747,1610612753,109,110,2025-26,Lakers,Los Angeles,Magic,Orlando
0022500838,2026-02-24,Regular Season,1610612740,1610612744,113,109,2025-26,Pelicans,New Orleans,Warriors,Golden State
0022500836,2026-02-24,Regular Season,1610612741,1610612766,99,131,2025-26,Bulls,Chicago,Hornets,Charlotte
0022500832,2026-02-24,Regular Season,1610612737,1610612764,119,98,2025-26,Hawks,Atlanta,Wizards,Washington
0022500839,2026-02-24,Regular Season,1610612756,1610612738,81,97,2025-26,Suns,Phoenix,Celtics,Boston
0022500834,2026-02-24,Regular Season,1610612761,1610612760,107,116,2025-26,Raptors,Toronto,Thunder,Oklahoma City
0022500841,2026-02-24,Regular Season,1610612757,1610612750,121,124,2025-26,Blazers,Portland Trail,Timberwolves,Minnesota
0022500831,2026-02-24,Regular Season,1610612754,1610612755,114,135,2025-26,Pacers,Indiana,76ers,Philadelphia
0022500837,2026-02-24,Regular Season,1610612749,1610612748,128,117,2025-26,Bucks,Milwaukee,Heat,Miami
0022500835,2026-02-24,Regular Season,1610612739,1610612752,109,94,2025-26,Cavaliers,Cleveland,Knicks,New York
0022500846,2026-02-25,Regular Season,1610612749,1610612739,118,116,2025-26,Bucks,Milwaukee,Cavaliers,Cleveland
0022500843,2026-02-25,Regular Season,1610612761,1610612759,107,110,2025-26,Raptors,Toronto,Spurs,San Antonio
0022500847,2026-02-25,Regular Season,1610612743,1610612738,103,84,2025-26,Nuggets,Denver,Celtics,Boston
0022500845,2026-02-25,Regular Season,1610612745,1610612758,128,97,2025-26,Rockets,Houston,Kings,Sacramento
0022500844,2026-02-25,Regular Season,1610612763,1610612744,112,133,2025-26,Grizzlies,Memphis,Warriors,Golden State
0022500842,2026-02-25,Regular Season,1610612765,1610612760,124,116,2025-26,Pistons,Detroit,Thunder,Oklahoma City
0022500852,2026-02-26,Regular Season,1610612753,1610612745,108,113,2025-26,Magic,Orlando,Rockets,Houston
0022500854,2026-02-26,Regular Season,1610612742,1610612758,121,130,2025-26,Mavericks,Dallas,Kings,Sacramento
0022500850,2026-02-26,Regular Season,1610612737,1610612764,126,96,2025-26,Hawks,Atlanta,Wizards,Washington
0022500851,2026-02-26,Regular Season,1610612751,1610612759,110,126,2025-26,Nets,Brooklyn,Spurs,San Antonio
0022500855,2026-02-26,Regular Season,1610612756,1610612747,113,110,2025-26,Suns,Phoenix,Lakers,Los Angeles
0022500856,2026-02-26,Regular Season,1610612762,1610612740,118,129,2025-26,Jazz,Utah,Pelicans,New Orleans
0022500853,2026-02-26,Regular Season,1610612741,1610612757,112,121,2025-26,Bulls,Chicago,Blazers,Portland Trail
0022500857,2026-02-26,Regular Season,1610612746,1610612750,88,94,2025-26,Clippers,LA,Timberwolves,Minnesota
0022500849,2026-02-26,Regular Season,1610612755,1610612748,124,117,2025-26,76ers,Philadelphia,Heat,Miami
0022500848,2026-02-26,Regular Season,1610612754,1610612766,109,133,2025-26,Pacers,Indiana,Hornets,Charlotte
0022500860,2026-02-27,Regular Season,1610612749,1610612752,98,127,2025-26,Bucks,Milwaukee,Knicks,New York
0022500862,2026-02-27,Regular Season,1610612760,1610612743,127,121,2025-26,Thunder,Oklahoma City,Nuggets,Denver
0022500858,2026-02-27,Regular Season,1610612765,1610612739,122,119,2025-26,Pistons,Detroit,Cavaliers,Cleveland
0022500859,2026-02-27,Regular Season,1610612738,1610612751,148,111,2025-26,Celtics,Boston,Nets,Brooklyn
0022500861,2026-02-27,Regular Season,1610612742,1610612763,105,124,2025-26,Mavericks,Dallas,Grizzlies,Memphis
0022500863,2026-02-28,Regular Season,1610612766,1610612757,109,93,2025-26,Hornets,Charlotte,Blazers,Portland Trail
0022500865,2026-02-28,Regular Season,1610612764,1610612761,125,134,2025-26,Wizards,Washington,Raptors,Toronto
0022500866,2026-02-28,Regular Season,1610612744,1610612747,101,129,2025-26,Warriors,Golden State,Lakers,Los Angeles
0022500867,2026-02-28,Regular Season,1610612762,1610612740,105,115,2025-26,Jazz,Utah,Pelicans,New Orleans
0022500864,2026-02-28,Regular Season,1610612748,1610612745,115,105,2025-26,Heat,Miami,Rockets,Houston
0022500877,2026-03-01,Regular Season,1610612746,1610612740,137,117,2025-26,Clippers,LA,Pelicans,New Orleans
0022500871,2026-03-01,Regular Season,1610612743,1610612750,108,117,2025-26,Nuggets,Denver,Timberwolves,Minnesota
0022500872,2026-03-01,Regular Season,1610612754,1610612763,106,125,2025-26,Pacers,Indiana,Grizzlies,Memphis
0022500870,2026-03-01,Regular Season,1610612741,1610612749,120,97,2025-26,Bulls,Chicago,Bucks,Milwaukee
0022500876,2026-03-01,Regular Season,1610612742,1610612760,87,100,2025-26,Mavericks,Dallas,Thunder,Oklahoma City
0022500873,2026-03-01,Regular Season,1610612737,1610612757,135,101,2025-26,Hawks,Atlanta,Blazers,Portland Trail
0022500869,2026-03-01,Regular Season,1610612751,1610612739,102,106,2025-26,Nets,Brooklyn,Cavaliers,Cleveland
0022500875,2026-03-01,Regular Season,1610612753,1610612765,92,106,2025-26,Magic,Orlando,Pistons,Detroit
0022500874,2026-03-01,Regular Season,1610612738,1610612755,114,98,2025-26,Celtics,Boston,76ers,Philadelphia
0022500878,2026-03-01,Regular Season,1610612747,1610612758,128,104,2025-26,Lakers,Los Angeles,Kings,Sacramento
0022500868,2026-03-01,Regular Season,1610612752,1610612759,114,89,2025-26,Knicks,New York,Spurs,San Antonio
0022500880,2026-03-02,Regular Season,1610612749,1610612738,81,108,2025-26,Bucks,Milwaukee,Celtics,Boston
0022500879,2026-03-02,Regular Season,1610612764,1610612745,118,123,2025-26,Wizards,Washington,Rockets,Houston
0022500882,2026-03-02,Regular Season,1610612744,1610612746,101,114,2025-26,Warriors,Golden State,Clippers,LA
0022500881,2026-03-02,Regular Season,1610612762,1610612743,125,128,2025-26,Jazz,Utah,Nuggets,Denver
0022500889,2026-03-03,Regular Season,1610612741,1610612760,108,116,2025-26,Bulls,Chicago,Thunder,Oklahoma City
0022500887,2026-03-03,Regular Season,1610612761,1610612752,95,111,2025-26,Raptors,Toronto,Knicks,New York
0022500890,2026-03-03,Regular Season,1610612750,1610612763,117,110,2025-26,Timberwolves,Minnesota,Grizzlies,Memphis
0022500883,2026-03-03,Regular Season,1610612766,1610612742,117,90,2025-26,Hornets,Charlotte,Mavericks,Dallas
0022500886,2026-03-03,Regular Season,1610612748,1610612751,124,98,2025-26,Heat,Miami,Nets,Brooklyn
0022500884,2026-03-03,Regular Season,1610612739,1610612765,113,109,2025-26,Cavaliers,Cleveland,Pistons,Detroit
0022500885,2026-03-03,Regular Season,1610612753,1610612764,126,109,2025-26,Magic,Orlando,Wizards,Washington
0022500888,2026-03-03,Regular Season,1610612755,1610612759,91,131,2025-26,76ers,Philadelphia,Spurs,San Antonio
0022500891,2026-03-03,Regular Season,1610612747,1610612740,110,101,2025-26,Lakers,Los Angeles,Pelicans,New Orleans
0022500892,2026-03-03,Regular Season,1610612758,1610612756,103,114,2025-26,Kings,Sacramento,Suns,Phoenix
0022500897,2026-03-04,Regular Season,1610612749,1610612737,113,131,2025-26,Bucks,Milwaukee,Hawks,Atlanta
0022500894,2026-03-04,Regular Season,1610612738,1610612766,89,118,2025-26,Celtics,Boston,Hornets,Charlotte
0022500898,2026-03-04,Regular Season,1610612746,1610612754,130,107,2025-26,Clippers,LA,Pacers,Indiana
0022500893,2026-03-04,Regular Season,1610612752,1610612760,100,103,2025-26,Knicks,New York,Thunder,Oklahoma City
0022500896,2026-03-04,Regular Season,1610612763,1610612757,114,122,2025-26,Grizzlies,Memphis,Blazers,Portland Trail
0022500895,2026-03-04,Regular Season,1610612755,1610612762,106,102,2025-26,76ers,Philadelphia,Jazz,Utah
0022500906,2026-03-05,Regular Season,1610612743,1610612747,120,113,2025-26,Nuggets,Denver,Lakers,Los Angeles
0022500904,2026-03-05,Regular Season,1610612759,1610612765,121,106,2025-26,Spurs,San Antonio,Pistons,Detroit
0022500902,2026-03-05,Regular Season,1610612745,1610612744,113,115,2025-26,Rockets,Houston,Warriors,Golden State
0022500903,2026-03-05,Regular Season,1610612750,1610612761,115,107,2025-26,Timberwolves,Minnesota,Raptors,Toronto
0022500907,2026-03-05,Regular Season,1610612758,1610612740,123,133,2025-26,Kings,Sacramento,Pelicans,New Orleans
0022500899,2026-03-05,Regular Season,1610612753,1610612742,115,114,2025-26,Magic,Orlando,Mavericks,Dallas
0022500905,2026-03-05,Regular Season,1610612756,1610612741,103,105,2025-26,Suns,Phoenix,Bulls,Chicago
0022500901,2026-03-05,Regular Season,1610612748,1610612751,126,110,2025-26,Heat,Miami,Nets,Brooklyn
0022500900,2026-03-05,Regular Season,1610612764,1610612762,112,122,2025-26,Wizards,Washington,Jazz,Utah
0022500913,2026-03-06,Regular Season,1610612759,1610612746,116,112,2025-26,Spurs,San Antonio,Clippers,LA
0022500909,2026-03-06,Regular Season,1610612766,1610612748,120,128,2025-26,Hornets,Charlotte,Heat,Miami
0022500910,2026-03-06,Regular Season,1610612745,1610612757,106,99,2025-26,Rockets,Houston,Blazers,Portland Trail
0022500914,2026-03-06,Regular Season,1610612747,1610612754,128,117,2025-26,Lakers,Los Angeles,Pacers,Indiana
0022500908,2026-03-06,Regular Season,1610612738,1610612742,120,100,2025-26,Celtics,Boston,Mavericks,Dallas
0022500912,2026-03-06,Regular Season,1610612756,1610612740,118,116,2025-26,Suns,Phoenix,Pelicans,New Orleans
0022500911,2026-03-06,Regular Season,1610612743,1610612752,103,142,2025-26,Nuggets,Denver,Knicks,New York
0022500915,2026-03-07,Regular Season,1610612750,1610612753,92,119,2025-26,Timberwolves,Minnesota,Magic,Orlando
0022500917,2026-03-07,Regular Season,1610612737,1610612755,125,116,2025-26,Hawks,Atlanta,76ers,Philadelphia
0022500916,2026-03-07,Regular Season,1610612765,1610612751,105,107,2025-26,Pistons,Detroit,Nets,Brooklyn
0022500920,2026-03-07,Regular Season,1610612760,1610612744,104,97,2025-26,Thunder,Oklahoma City,Warriors,Golden State
0022500918,2026-03-07,Regular Season,1610612763,1610612746,120,123,2025-26,Grizzlies,Memphis,Clippers,LA
0022500919,2026-03-07,Regular Season,1610612749,1610612762,113,99,2025-26,Bucks,Milwaukee,Jazz,Utah
0022500923,2026-03-08,Regular Season,1610612748,1610612765,121,110,2025-26,Heat,Miami,Pistons,Detroit
0022500921,2026-03-08,Regular Season,1610612739,1610612738,98,109,2025-26,Cavaliers,Cleveland,Celtics,Boston
0022500922,2026-03-08,Regular Season,1610612747,1610612752,110,97,2025-26,Lakers,Los Angeles,Knicks,New York
0022500924,2026-03-08,Regular Season,1610612761,1610612742,122,92,2025-26,Raptors,Toronto,Mavericks,Dallas
0022500927,2026-03-08,Regular Season,1610612759,1610612745,145,120,2025-26,Spurs,San Antonio,Rockets,Houston
0022500925,2026-03-08,Regular Season,1610612740,1610612764,138,118,2025-26,Pelicans,New Orleans,Wizards,Washington
0022500926,2026-03-08,Regular Season,1610612749,1610612753,91,130,2025-26,Bucks,Milwaukee,Magic,Orlando
0022500929,2026-03-08,Regular Season,1610612757,1610612754,131,111,2025-26,Blazers,Portland Trail,Pacers,Indiana
0022500928,2026-03-08,Regular Season,1610612756,1610612766,111,99,2025-26,Suns,Phoenix,Hornets,Charlotte
0022500930,2026-03-08,Regular Season,1610612758,1610612741,126,110,2025-26,Kings,Sacramento,Bulls,Chicago
0022500931,2026-03-09,Regular Season,1610612739,1610612755,115,101,2025-26,Cavaliers,Cleveland,76ers,Philadelphia
0022500932,2026-03-09,Regular Season,1610612751,1610612763,126,115,2025-26,Nets,Brooklyn,Grizzlies,Memphis
0022500933,2026-03-09,Regular Season,1610612760,1610612743,129,126,2025-26,Thunder,Oklahoma City,Nuggets,Denver
0022500934,2026-03-09,Regular Season,1610612762,1610612744,119,116,2025-26,Jazz,Utah,Warriors,Golden State
0022500935,2026-03-09,Regular Season,1610612746,1610612752,126,118,2025-26,Clippers,LA,Knicks,New York
0022500938,2026-03-10,Regular Season,1610612748,1610612764,150,129,2025-26,Heat,Miami,Wizards,Washington
0022500940,2026-03-10,Regular Season,1610612745,1610612761,113,99,2025-26,Rockets,Houston,Raptors,Toronto
0022500937,2026-03-10,Regular Season,1610612751,1610612765,100,138,2025-26,Nets,Brooklyn,Pistons,Detroit
0022500936,2026-03-10,Regular Season,1610612755,1610612763,139,129,2025-26,76ers,Philadelphia,Grizzlies,Memphis
0022500941,2026-03-10,Regular Season,1610612749,1610612756,114,129,2025-26,Bucks,Milwaukee,Suns,Phoenix
0022500944,2026-03-10,Regular Season,1610612757,1610612766,101,103,2025-26,Blazers,Portland Trail,Hornets,Charlotte
0022500945,2026-03-10,Regular Season,1610612758,1610612754,114,109,2025-26,Kings,Sacramento,Pacers,Indiana
0022500942,2026-03-10,Regular Season,1610612759,1610612738,125,116,2025-26,Spurs,San Antonio,Celtics,Boston
0022500939,2026-03-10,Regular Season,1610612737,1610612742,124,112,2025-26,Hawks,Atlanta,Mavericks,Dallas
0022500943,2026-03-10,Regular Season,1610612744,1610612741,124,130,2025-26,Warriors,Golden State,Bulls,Chicago
0022500946,2026-03-10,Regular Season,1610612747,1610612750,120,106,2025-26,Lakers,Los Angeles,Timberwolves,Minnesota
0022500947,2026-03-11,Regular Season,1610612753,1610612739,128,122,2025-26,Magic,Orlando,Cavaliers,Cleveland
0022500949,2026-03-11,Regular Season,1610612762,1610612752,117,134,2025-26,Jazz,Utah,Knicks,New York
0022500948,2026-03-11,Regular Season,1610612740,1610612761,122,111,2025-26,Pelicans,New Orleans,Raptors,Toronto
0022500950,2026-03-11,Regular Season,1610612743,1610612745,129,93,2025-26,Nuggets,Denver,Rockets,Houston
0022500952,2026-03-11,Regular Season,1610612746,1610612750,153,128,2025-26,Clippers,LA,Timberwolves,Minnesota
0022500951,2026-03-11,Regular Season,1610612758,1610612766,109,117,2025-26,Kings,Sacramento,Hornets,Charlotte
0022501111,2026-03-12,Regular Season,1610612763,1610612742,112,120,2025-26,Grizzlies,Memphis,Mavericks,Dallas
0022500953,2026-03-12,Regular Season,1610612765,1610612755,131,109,2025-26,Pistons,Detroit,76ers,Philadelphia
0022500957,2026-03-12,Regular Season,1610612748,1610612749,112,105,2025-26,Heat,Miami,Bucks,Milwaukee
0022500960,2026-03-12,Regular Season,1610612747,1610612741,142,130,2025-26,Lakers,Los Angeles,Bulls,Chicago
0022500956,2026-03-12,Regular Season,1610612737,1610612751,108,97,2025-26,Hawks,Atlanta,Nets,Brooklyn
0022500959,2026-03-12,Regular Season,1610612760,1610612738,104,102,2025-26,Thunder,Oklahoma City,Celtics,Boston
0022500958,2026-03-12,Regular Season,1610612759,1610612743,131,136,2025-26,Spurs,San Antonio,Nuggets,Denver
0022500955,2026-03-12,Regular Season,1610612753,1610612764,136,131,2025-26,Magic,Orlando,Wizards,Washington
0022500954,2026-03-12,Regular Season,1610612754,1610612756,108,123,2025-26,Pacers,Indiana,Suns,Phoenix
0022500963,2026-03-13,Regular Season,1610612761,1610612756,122,115,2025-26,Raptors,Toronto,Suns,Phoenix
0022500966,2026-03-13,Regular Season,1610612744,1610612750,117,127,2025-26,Warriors,Golden State,Timberwolves,Minnesota
0022500964,2026-03-13,Regular Season,1610612745,1610612740,107,105,2025-26,Rockets,Houston,Pelicans,New Orleans
0022500961,2026-03-13,Regular Season,1610612765,1610612763,126,110,2025-26,Pistons,Detroit,Grizzlies,Memphis
0022500962,2026-03-13,Regular Season,1610612754,1610612752,92,101,2025-26,Pacers,Indiana,Knicks,New York
0022500968,2026-03-13,Regular Season,1610612746,1610612741,119,108,2025-26,Clippers,LA,Bulls,Chicago
0022500967,2026-03-13,Regular Season,1610612757,1610612762,124,114,2025-26,Blazers,Portland Trail,Jazz,Utah
0022500965,2026-03-13,Regular Season,1610612742,1610612739,105,138,2025-26,Mavericks,Dallas,Cavaliers,Cleveland
0022500969,2026-03-14,Regular Season,1610612755,1610612751,104,97,2025-26,76ers,Philadelphia,Nets,Brooklyn
0022500970,2026-03-14,Regular Season,1610612737,1610612749,122,99,2025-26,Hawks,Atlanta,Bucks,Milwaukee
0022500972,2026-03-14,Regular Season,1610612748,1610612753,117,121,2025-26,Heat,Miami,Magic,Orlando
0022500971,2026-03-14,Regular Season,1610612738,1610612764,111,100,2025-26,Celtics,Boston,Wizards,Washington
0022500973,2026-03-14,Regular Season,1610612759,1610612766,115,102,2025-26,Spurs,San Antonio,Hornets,Charlotte
0022500974,2026-03-14,Regular Season,1610612747,1610612743,127,125,2025-26,Lakers,Los Angeles,Nuggets,Denver
0022500975,2026-03-14,Regular Season,1610612746,1610612758,109,118,2025-26,Clippers,LA,Kings,Sacramento
0022500980,2026-03-15,Regular Season,1610612755,1610612757,109,103,2025-26,76ers,Philadelphia,Blazers,Portland Trail
0022500976,2026-03-15,Regular Season,1610612760,1610612750,116,103,2025-26,Thunder,Oklahoma City,Timberwolves,Minnesota
0022500979,2026-03-15,Regular Season,1610612749,1610612754,134,123,2025-26,Bucks,Milwaukee,Pacers,Indiana
0022500977,2026-03-15,Regular Season,1610612739,1610612742,120,130,2025-26,Cavaliers,Cleveland,Mavericks,Dallas
0022500978,2026-03-15,Regular Season,1610612761,1610612765,119,108,2025-26,Raptors,Toronto,Pistons,Detroit
0022500982,2026-03-15,Regular Season,1610612758,1610612762,116,111,2025-26,Kings,Sacramento,Jazz,Utah
0022500981,2026-03-15,Regular Season,1610612752,1610612744,110,107,2025-26,Knicks,New York,Warriors,Golden State
0022500985,2026-03-16,Regular Season,1610612751,1610612757,95,114,2025-26,Nets,Brooklyn,Blazers,Portland Trail
0022500983,2026-03-16,Regular Season,1610612737,1610612753,124,112,2025-26,Hawks,Atlanta,Magic,Orlando
0022500989,2026-03-16,Regular Season,1610612745,1610612747,92,100,2025-26,Rockets,Houston,Lakers,Los Angeles
0022500984,2026-03-16,Regular Season,1610612764,1610612744,117,125,2025-26,Wizards,Washington,Warriors,Golden State
0022500986,2026-03-16,Regular Season,1610612738,1610612756,120,112,2025-26,Celtics,Boston,Suns,Phoenix
0022500988,2026-03-16,Regular Season,1610612740,1610612742,129,111,2025-26,Pelicans,New Orleans,Mavericks,Dallas
0022500990,2026-03-16,Regular Season,1610612746,1610612759,115,119,2025-26,Clippers,LA,Spurs,San Antonio
0022500987,2026-03-16,Regular Season,1610612741,1610612763,132,107,2025-26,Bulls,Chicago,Grizzlies,Memphis
0022500995,2026-03-17,Regular Season,1610612749,1610612739,116,123,2025-26,Bucks,Milwaukee,Cavaliers,Cleveland
0022500991,2026-03-17,Regular Season,1610612766,1610612748,136,106,2025-26,Hornets,Charlotte,Heat,Miami
0022500997,2026-03-17,Regular Season,1610612743,1610612755,124,96,2025-26,Nuggets,Denver,76ers,Philadelphia
0022500994,2026-03-17,Regular Season,1610612752,1610612754,136,110,2025-26,Knicks,New York,Pacers,Indiana
0022500998,2026-03-17,Regular Season,1610612758,1610612759,104,132,2025-26,Kings,Sacramento,Spurs,San Antonio
0022500993,2026-03-17,Regular Season,1610612764,1610612765,117,130,2025-26,Wizards,Washington,Pistons,Detroit
0022500996,2026-03-17,Regular Season,1610612750,1610612756,116,104,2025-26,Timberwolves,Minnesota,Suns,Phoenix
0022500992,2026-03-17,Regular Season,1610612753,1610612760,108,113,2025-26,Magic,Orlando,Thunder,Oklahoma City
0022501002,2026-03-18,Regular Season,1610612741,1610612761,109,139,2025-26,Bulls,Chicago,Raptors,Toronto
0022501007,2026-03-18,Regular Season,1610612745,1610612747,116,124,2025-26,Rockets,Houston,Lakers,Los Angeles
0022501006,2026-03-18,Regular Season,1610612742,1610612737,120,135,2025-26,Mavericks,Dallas,Hawks,Atlanta
0022501005,2026-03-18,Regular Season,1610612740,1610612746,124,109,2025-26,Pelicans,New Orleans,Clippers,LA
0022500651,2026-03-18,Regular Season,1610612763,1610612743,125,118,2025-26,Grizzlies,Memphis,Nuggets,Denver
0022501004,2026-03-18,Regular Season,1610612750,1610612762,147,111,2025-26,Timberwolves,Minnesota,Jazz,Utah
0022501001,2026-03-18,Regular Season,1610612754,1610612757,119,127,2025-26,Pacers,Indiana,Blazers,Portland Trail
0022501000,2026-03-18,Regular Season,1610612751,1610612760,92,121,2025-26,Nets,Brooklyn,Thunder,Oklahoma City
0022500999,2026-03-18,Regular Season,1610612738,1610612744,120,99,2025-26,Celtics,Boston,Warriors,Golden State
0022501009,2026-03-19,Regular Season,1610612764,1610612765,95,117,2025-26,Wizards,Washington,Pistons,Detroit
0022501011,2026-03-19,Regular Season,1610612741,1610612739,110,115,2025-26,Bulls,Chicago,Cavaliers,Cleveland
0022501010,2026-03-19,Regular Season,1610612748,1610612747,126,134,2025-26,Heat,Miami,Lakers,Los Angeles
0022501014,2026-03-19,Regular Season,1610612762,1610612749,128,96,2025-26,Jazz,Utah,Bucks,Milwaukee
0022501012,2026-03-19,Regular Season,1610612740,1610612746,105,99,2025-26,Pelicans,New Orleans,Clippers,LA
0022501013,2026-03-19,Regular Season,1610612759,1610612756,101,100,2025-26,Spurs,San Antonio,Suns,Phoenix
0022501008,2026-03-19,Regular Season,1610612766,1610612753,130,111,2025-26,Hornets,Charlotte,Magic,Orlando
0022501015,2026-03-19,Regular Season,1610612758,1610612755,118,139,2025-26,Kings,Sacramento,76ers,Philadelphia
0022501020,2026-03-20,Regular Season,1610612750,1610612757,104,108,2025-26,Timberwolves,Minnesota,Blazers,Portland Trail
0022501019,2026-03-20,Regular Season,1610612763,1610612738,112,117,2025-26,Grizzlies,Memphis,Celtics,Boston
0022501016,2026-03-20,Regular Season,1610612751,1610612752,92,93,2025-26,Nets,Brooklyn,Knicks,New York
0022501021,2026-03-20,Regular Season,1610612743,1610612761,121,115,2025-26,Nuggets,Denver,Raptors,Toronto
0022501017,2026-03-20,Regular Season,1610612765,1610612744,115,101,2025-26,Pistons,Detroit,Warriors,Golden State
0022501018,2026-03-20,Regular Season,1610612745,1610612737,117,95,2025-26,Rockets,Houston,Hawks,Atlanta
0022501031,2026-03-21,Regular Season,1610612756,1610612749,105,108,2025-26,Suns,Phoenix,Bucks,Milwaukee
0022501023,2026-03-21,Regular Season,1610612766,1610612763,124,101,2025-26,Hornets,Charlotte,Grizzlies,Memphis
0022501030,2026-03-21,Regular Season,1610612762,1610612755,116,126,2025-26,Jazz,Utah,76ers,Philadelphia
0022501029,2026-03-21,Regular Season,1610612742,1610612746,131,138,2025-26,Mavericks,Dallas,Clippers,LA
0022501028,2026-03-21,Regular Season,1610612759,1610612754,134,119,2025-26,Spurs,San Antonio,Pacers,Indiana
0022501027,2026-03-21,Regular Season,1610612745,1610612748,123,122,2025-26,Rockets,Houston,Heat,Miami
0022501025,2026-03-21,Regular Season,1610612740,1610612739,106,111,2025-26,Pelicans,New Orleans,Cavaliers,Cleveland
0022501024,2026-03-21,Regular Season,1610612753,1610612747,104,105,2025-26,Magic,Orlando,Lakers,Los Angeles
0022501026,2026-03-21,Regular Season,1610612737,1610612744,126,110,2025-26,Hawks,Atlanta,Warriors,Golden State
0022501022,2026-03-21,Regular Season,1610612764,1610612760,111,132,2025-26,Wizards,Washington,Thunder,Oklahoma City
0022501035,2026-03-22,Regular Season,1610612738,1610612750,92,102,2025-26,Celtics,Boston,Timberwolves,Minnesota
0022501036,2026-03-22,Regular Season,1610612756,1610612761,120,98,2025-26,Suns,Phoenix,Raptors,Toronto
0022501032,2026-03-22,Regular Season,1610612743,1610612757,128,112,2025-26,Nuggets,Denver,Blazers,Portland Trail
0022501034,2026-03-22,Regular Season,1610612752,1610612764,145,113,2025-26,Knicks,New York,Wizards,Washington
0022501033,2026-03-22,Regular Season,1610612758,1610612751,126,122,2025-26,Kings,Sacramento,Nets,Brooklyn
0022501042,2026-03-23,Regular Season,1610612741,1610612745,132,124,2025-26,Bulls,Chicago,Rockets,Houston
0022501045,2026-03-23,Regular Season,1610612757,1610612751,134,99,2025-26,Blazers,Portland Trail,Nets,Brooklyn
0022501037,2026-03-23,Regular Season,1610612737,1610612763,146,107,2025-26,Hawks,Atlanta,Grizzlies,Memphis
0022501044,2026-03-23,Regular Season,1610612742,1610612744,131,137,2025-26,Mavericks,Dallas,Warriors,Golden State
0022501041,2026-03-23,Regular Season,1610612748,1610612759,111,136,2025-26,Heat,Miami,Spurs,San Antonio
0022501043,2026-03-23,Regular Season,1610612762,1610612761,127,143,2025-26,Jazz,Utah,Raptors,Toronto
0022501046,2026-03-23,Regular Season,1610612746,1610612749,129,96,2025-26,Clippers,LA,Bucks,Milwaukee
0022501039,2026-03-23,Regular Season,1610612753,1610612754,126,128,2025-26,Magic,Orlando,Pacers,Indiana
0022501038,2026-03-23,Regular Season,1610612765,1610612747,113,110,2025-26,Pistons,Detroit,Lakers,Los Angeles
0022501040,2026-03-23,Regular Season,1610612755,1610612760,103,123,2025-26,76ers,Philadelphia,Thunder,Oklahoma City
0022501049,2026-03-24,Regular Season,1610612739,1610612753,136,131,2025-26,Cavaliers,Cleveland,Magic,Orlando
0022501048,2026-03-24,Regular Season,1610612752,1610612740,121,116,2025-26,Knicks,New York,Pelicans,New Orleans
0022501050,2026-03-24,Regular Season,1610612756,1610612743,123,125,2025-26,Suns,Phoenix,Nuggets,Denver
0022501047,2026-03-24,Regular Season,1610612766,1610612758,134,90,2025-26,Hornets,Charlotte,Kings,Sacramento
0022501056,2026-03-25,Regular Season,1610612763,1610612759,98,123,2025-26,Grizzlies,Memphis,Spurs,San Antonio
0022501059,2026-03-25,Regular Season,1610612743,1610612742,142,135,2025-26,Nuggets,Denver,Mavericks,Dallas
0022501053,2026-03-25,Regular Season,1610612755,1610612741,157,137,2025-26,76ers,Philadelphia,Bulls,Chicago
0022501055,2026-03-25,Regular Season,1610612739,1610612748,103,120,2025-26,Cavaliers,Cleveland,Heat,Miami
0022501054,2026-03-25,Regular Season,1610612738,1610612760,119,109,2025-26,Celtics,Boston,Thunder,Oklahoma City
0022501057,2026-03-25,Regular Season,1610612762,1610612764,110,133,2025-26,Jazz,Utah,Wizards,Washington
0022501060,2026-03-25,Regular Season,1610612744,1610612751,109,106,2025-26,Warriors,Golden State,Nets,Brooklyn
0022501051,2026-03-25,Regular Season,1610612765,1610612737,129,130,2025-26,Pistons,Detroit,Hawks,Atlanta
0022501052,2026-03-25,Regular Season,1610612754,1610612747,130,137,2025-26,Pacers,Indiana,Lakers,Los Angeles
0022501061,2026-03-25,Regular Season,1610612757,1610612749,130,99,2025-26,Blazers,Portland Trail,Bucks,Milwaukee
0022501058,2026-03-25,Regular Season,1610612750,1610612745,110,108,2025-26,Timberwolves,Minnesota,Rockets,Houston
0022501062,2026-03-25,Regular Season,1610612746,1610612761,119,94,2025-26,Clippers,LA,Raptors,Toronto
0022501065,2026-03-26,Regular Season,1610612753,1610612758,121,117,2025-26,Magic,Orlando,Kings,Sacramento
0022501064,2026-03-26,Regular Season,1610612765,1610612740,129,108,2025-26,Pistons,Detroit,Pelicans,New Orleans
0022501063,2026-03-26,Regular Season,1610612766,1610612752,114,103,2025-26,Hornets,Charlotte,Knicks,New York
0022501066,2026-03-27,Regular Season,1610612754,1610612746,113,114,2025-26,Pacers,Indiana,Clippers,LA
0022501075,2026-03-27,Regular Season,1610612747,1610612751,116,99,2025-26,Lakers,Los Angeles,Nets,Brooklyn
0022501067,2026-03-27,Regular Season,1610612738,1610612737,109,102,2025-26,Celtics,Boston,Hawks,Atlanta
0022501068,2026-03-27,Regular Season,1610612739,1610612748,149,128,2025-26,Cavaliers,Cleveland,Heat,Miami
0022501071,2026-03-27,Regular Season,1610612761,1610612740,119,106,2025-26,Raptors,Toronto,Pelicans,New Orleans
0022501072,2026-03-27,Regular Season,1610612743,1610612762,135,129,2025-26,Nuggets,Denver,Jazz,Utah
0022501070,2026-03-27,Regular Season,1610612760,1610612741,131,113,2025-26,Thunder,Oklahoma City,Bulls,Chicago
0022501069,2026-03-27,Regular Season,1610612763,1610612745,109,119,2025-26,Grizzlies,Memphis,Rockets,Houston
0022501073,2026-03-27,Regular Season,1610612744,1610612764,131,126,2025-26,Warriors,Golden State,Wizards,Washington
0022501074,2026-03-27,Regular Season,1610612757,1610612742,93,100,2025-26,Blazers,Portland Trail,Mavericks,Dallas
0022501081,2026-03-28,Regular Season,1610612756,1610612762,134,109,2025-26,Suns,Phoenix,Jazz,Utah
0022501078,2026-03-28,Regular Season,1610612737,1610612758,123,113,2025-26,Hawks,Atlanta,Kings,Sacramento
0022501080,2026-03-28,Regular Season,1610612750,1610612765,87,109,2025-26,Timberwolves,Minnesota,Pistons,Detroit
0022501079,2026-03-28,Regular Season,1610612763,1610612741,125,124,2025-26,Grizzlies,Memphis,Bulls,Chicago
0022501077,2026-03-28,Regular Season,1610612766,1610612755,114,118,2025-26,Hornets,Charlotte,76ers,Philadelphia
0022501076,2026-03-28,Regular Season,1610612749,1610612759,95,127,2025-26,Bucks,Milwaukee,Spurs,San Antonio
0022501085,2026-03-29,Regular Season,1610612766,1610612738,99,114,2025-26,Hornets,Charlotte,Celtics,Boston
0022501086,2026-03-29,Regular Season,1610612761,1610612753,139,87,2025-26,Raptors,Toronto,Magic,Orlando
0022501084,2026-03-29,Regular Season,1610612751,1610612758,116,99,2025-26,Nets,Brooklyn,Kings,Sacramento
0022501088,2026-03-29,Regular Season,1610612740,1610612745,102,134,2025-26,Pelicans,New Orleans,Rockets,Houston
0022501090,2026-03-29,Regular Season,1610612743,1610612744,116,93,2025-26,Nuggets,Denver,Warriors,Golden State
0022501089,2026-03-29,Regular Season,1610612760,1610612752,111,100,2025-26,Thunder,Oklahoma City,Knicks,New York
0022501083,2026-03-29,Regular Season,1610612754,1610612748,135,118,2025-26,Pacers,Indiana,Heat,Miami
0022501087,2026-03-29,Regular Season,1610612757,1610612764,123,88,2025-26,Blazers,Portland Trail,Wizards,Washington
0022501082,2026-03-29,Regular Season,1610612749,1610612746,113,127,2025-26,Bucks,Milwaukee,Clippers,LA
0022501091,2026-03-30,Regular Season,1610612748,1610612755,119,109,2025-26,Heat,Miami,76ers,Philadelphia
0022501097,2026-03-30,Regular Season,1610612760,1610612765,114,110,2025-26,Thunder,Oklahoma City,Pistons,Detroit
0022501092,2026-03-30,Regular Season,1610612737,1610612738,112,102,2025-26,Hawks,Atlanta,Celtics,Boston
0022501098,2026-03-30,Regular Season,1610612747,1610612764,120,101,2025-26,Lakers,Los Angeles,Wizards,Washington
0022501095,2026-03-30,Regular Season,1610612742,1610612750,94,124,2025-26,Mavericks,Dallas,Timberwolves,Minnesota
0022501093,2026-03-30,Regular Season,1610612763,1610612756,105,131,2025-26,Grizzlies,Memphis,Suns,Phoenix
0022501094,2026-03-30,Regular Season,1610612759,1610612741,129,114,2025-26,Spurs,San Antonio,Bulls,Chicago
0022501096,2026-03-30,Regular Season,1610612762,1610612739,113,122,2025-26,Jazz,Utah,Cavaliers,Cleveland
0022500652,2026-03-31,Regular Season,1610612749,1610612742,123,99,2025-26,Bucks,Milwaukee,Mavericks,Dallas
0022501099,2026-03-31,Regular Season,1610612753,1610612756,115,111,2025-26,Magic,Orlando,Suns,Phoenix
0022501103,2026-03-31,Regular Season,1610612747,1610612739,127,113,2025-26,Lakers,Los Angeles,Cavaliers,Cleveland
0022501104,2026-03-31,Regular Season,1610612746,1610612757,104,114,2025-26,Clippers,LA,Blazers,Portland Trail
0022501102,2026-03-31,Regular Season,1610612745,1610612752,111,94,2025-26,Rockets,Houston,Knicks,New York
0022501101,2026-03-31,Regular Season,1610612765,1610612761,127,116,2025-26,Pistons,Detroit,Raptors,Toronto
0022501100,2026-03-31,Regular Season,1610612751,1610612766,86,117,2025-26,Nets,Brooklyn,Hornets,Charlotte
0022501107,2026-04-01,Regular Season,1610612753,1610612737,101,130,2025-26,Magic,Orlando,Hawks,Atlanta
0022501003,2026-04-01,Regular Season,1610612763,1610612752,119,130,2025-26,Grizzlies,Memphis,Knicks,New York
0022501110,2026-04-01,Regular Season,1610612745,1610612749,119,113,2025-26,Rockets,Houston,Bucks,Milwaukee
0022501112,2026-04-01,Regular Season,1610612762,1610612743,117,130,2025-26,Jazz,Utah,Nuggets,Denver
0022501108,2026-04-01,Regular Season,1610612761,1610612758,115,123,2025-26,Raptors,Toronto,Kings,Sacramento
0022501113,2026-04-01,Regular Season,1610612744,1610612759,113,127,2025-26,Warriors,Golden State,Spurs,San Antonio
0022501109,2026-04-01,Regular Season,1610612741,1610612754,126,145,2025-26,Bulls,Chicago,Pacers,Indiana
0022501106,2026-04-01,Regular Season,1610612748,1610612738,129,147,2025-26,Heat,Miami,Celtics,Boston
0022501105,2026-04-01,Regular Season,1610612764,1610612755,131,153,2025-26,Wizards,Washington,76ers,Philadelphia
0022501119,2026-04-02,Regular Season,1610612746,1610612759,99,118,2025-26,Clippers,LA,Spurs,San Antonio
0022501118,2026-04-02,Regular Season,1610612757,1610612740,118,106,2025-26,Blazers,Portland Trail,Pelicans,New Orleans
0022501115,2026-04-02,Regular Season,1610612765,1610612750,113,108,2025-26,Pistons,Detroit,Timberwolves,Minnesota
0022501116,2026-04-02,Regular Season,1610612760,1610612747,139,96,2025-26,Thunder,Oklahoma City,Lakers,Los Angeles
0022501117,2026-04-02,Regular Season,1610612744,1610612739,111,118,2025-26,Warriors,Golden State,Cavaliers,Cleveland
0022501114,2026-04-02,Regular Season,1610612766,1610612756,127,107,2025-26,Hornets,Charlotte,Suns,Phoenix
0022501127,2026-04-03,Regular Season,1610612742,1610612753,127,138,2025-26,Mavericks,Dallas,Magic,Orlando
0022501120,2026-04-03,Regular Season,1610612766,1610612754,129,108,2025-26,Hornets,Charlotte,Pacers,Indiana
0022501123,2026-04-03,Regular Season,1610612752,1610612741,136,96,2025-26,Knicks,New York,Bulls,Chicago
0022501122,2026-04-03,Regular Season,1610612751,1610612737,107,141,2025-26,Nets,Brooklyn,Hawks,Atlanta
0022501121,2026-04-03,Regular Season,1610612755,1610612750,115,103,2025-26,76ers,Philadelphia,Timberwolves,Minnesota
0022501125,2026-04-03,Regular Season,1610612763,1610612761,96,128,2025-26,Grizzlies,Memphis,Raptors,Toronto
0022501126,2026-04-03,Regular Season,1610612749,1610612738,101,133,2025-26,Bucks,Milwaukee,Celtics,Boston
0022501124,2026-04-03,Regular Season,1610612745,1610612762,140,106,2025-26,Rockets,Houston,Jazz,Utah
0022501128,2026-04-03,Regular Season,1610612758,1610612740,117,113,2025-26,Kings,Sacramento,Pelicans,New Orleans
0022501130,2026-04-04,Regular Season,1610612743,1610612759,136,134,2025-26,Nuggets,Denver,Spurs,San Antonio
0022501129,2026-04-04,Regular Season,1610612748,1610612764,152,136,2025-26,Heat,Miami,Wizards,Washington
0022501131,2026-04-04,Regular Season,1610612755,1610612765,93,116,2025-26,76ers,Philadelphia,Pistons,Detroit
0022501136,2026-04-05,Regular Season,1610612739,1610612754,117,108,2025-26,Cavaliers,Cleveland,Pacers,Indiana
0022501142,2026-04-05,Regular Season,1610612744,1610612745,116,117,2025-26,Warriors,Golden State,Rockets,Houston
0022501141,2026-04-05,Regular Season,1610612758,1610612746,109,138,2025-26,Kings,Sacramento,Clippers,LA
0022501135,2026-04-05,Regular Season,1610612749,1610612763,131,115,2025-26,Bucks,Milwaukee,Grizzlies,Memphis
0022501137,2026-04-05,Regular Season,1610612750,1610612766,108,122,2025-26,Timberwolves,Minnesota,Hornets,Charlotte
0022501134,2026-04-05,Regular Season,1610612741,1610612756,110,120,2025-26,Bulls,Chicago,Suns,Phoenix
0022501138,2026-04-05,Regular Season,1610612740,1610612753,108,112,2025-26,Pelicans,New Orleans,Magic,Orlando
0022501139,2026-04-05,Regular Season,1610612760,1610612762,146,111,2025-26,Thunder,Oklahoma City,Jazz,Utah
0022501140,2026-04-05,Regular Season,1610612742,1610612747,134,128,2025-26,Mavericks,Dallas,Lakers,Los Angeles
0022501133,2026-04-05,Regular Season,1610612751,1610612764,121,115,2025-26,Nets,Brooklyn,Wizards,Washington
0022501132,2026-04-05,Regular Season,1610612738,1610612761,115,101,2025-26,Celtics,Boston,Raptors,Toronto
0022501146,2026-04-06,Regular Season,1610612759,1610612755,115,102,2025-26,Spurs,San Antonio,76ers,Philadelphia
0022501145,2026-04-06,Regular Season,1610612763,1610612739,126,142,2025-26,Grizzlies,Memphis,Cavaliers,Cleveland
0022501143,2026-04-06,Regular Season,1610612737,1610612752,105,108,2025-26,Hawks,Atlanta,Knicks,New York
0022501144,2026-04-06,Regular Season,1610612753,1610612765,123,107,2025-26,Magic,Orlando,Pistons,Detroit
0022501147,2026-04-06,Regular Season,1610612743,1610612757,137,132,2025-26,Nuggets,Denver,Blazers,Portland Trail
0022501154,2026-04-07,Regular Season,1610612744,1610612758,110,105,2025-26,Warriors,Golden State,Kings,Sacramento
0022501151,2026-04-07,Regular Season,1610612761,1610612748,121,95,2025-26,Raptors,Toronto,Heat,Miami
0022501156,2026-04-07,Regular Season,1610612746,1610612742,116,103,2025-26,Clippers,LA,Mavericks,Dallas
0022501152,2026-04-07,Regular Season,1610612754,1610612750,104,124,2025-26,Pacers,Indiana,Timberwolves,Minnesota
0022501157,2026-04-07,Regular Season,1610612756,1610612745,105,119,2025-26,Suns,Phoenix,Rockets,Houston
0022501150,2026-04-07,Regular Season,1610612751,1610612749,96,90,2025-26,Nets,Brooklyn,Bucks,Milwaukee
0022501155,2026-04-07,Regular Season,1610612747,1610612760,87,123,2025-26,Lakers,Los Angeles,Thunder,Oklahoma City
0022501149,2026-04-07,Regular Season,1610612738,1610612766,113,102,2025-26,Celtics,Boston,Hornets,Charlotte
0022501153,2026-04-07,Regular Season,1610612740,1610612762,156,137,2025-26,Pelicans,New Orleans,Jazz,Utah
0022501148,2026-04-07,Regular Season,1610612764,1610612741,98,129,2025-26,Wizards,Washington,Bulls,Chicago
0022501163,2026-04-08,Regular Season,1610612746,1610612760,110,128,2025-26,Clippers,LA,Thunder,Oklahoma City
0022501161,2026-04-08,Regular Season,1610612759,1610612757,112,101,2025-26,Spurs,San Antonio,Blazers,Portland Trail
0022501162,2026-04-08,Regular Season,1610612743,1610612763,136,119,2025-26,Nuggets,Denver,Grizzlies,Memphis
0022501164,2026-04-08,Regular Season,1610612756,1610612742,112,107,2025-26,Suns,Phoenix,Mavericks,Dallas
0022501159,2026-04-08,Regular Season,1610612753,1610612750,132,120,2025-26,Magic,Orlando,Timberwolves,Minnesota
0022501160,2026-04-08,Regular Season,1610612765,1610612749,137,111,2025-26,Pistons,Detroit,Bucks,Milwaukee
0022501158,2026-04-08,Regular Season,1610612739,1610612737,122,116,2025-26,Cavaliers,Cleveland,Hawks,Atlanta
0022501166,2026-04-09,Regular Season,1610612764,1610612741,108,119,2025-26,Wizards,Washington,Bulls,Chicago
0022501170,2026-04-09,Regular Season,1610612744,1610612747,103,119,2025-26,Warriors,Golden State,Lakers,Los Angeles
0022501167,2026-04-09,Regular Season,1610612751,1610612754,94,123,2025-26,Nets,Brooklyn,Pacers,Indiana
0022501168,2026-04-09,Regular Season,1610612752,1610612738,112,106,2025-26,Knicks,New York,Celtics,Boston
0022501169,2026-04-09,Regular Season,1610612745,1610612755,113,102,2025-26,Rockets,Houston,76ers,Philadelphia
0022501165,2026-04-09,Regular Season,1610612761,1610612748,128,114,2025-26,Raptors,Toronto,Heat,Miami
0022501171,2026-04-10,Regular Season,1610612766,1610612765,100,118,2025-26,Hornets,Charlotte,Pistons,Detroit
0022501173,2026-04-10,Regular Season,1610612737,1610612739,124,102,2025-26,Hawks,Atlanta,Cavaliers,Cleveland
0022501183,2026-04-10,Regular Season,1610612757,1610612746,116,97,2025-26,Blazers,Portland Trail,Clippers,LA
0022501175,2026-04-10,Regular Season,1610612754,1610612755,94,105,2025-26,Pacers,Indiana,76ers,Philadelphia
0022501184,2026-04-10,Regular Season,1610612758,1610612744,124,118,2025-26,Kings,Sacramento,Warriors,Golden State
0022501176,2026-04-10,Regular Season,1610612752,1610612761,112,95,2025-26,Knicks,New York,Raptors,Toronto
0022501172,2026-04-10,Regular Season,1610612764,1610612748,117,140,2025-26,Wizards,Washington,Heat,Miami
0022501181,2026-04-10,Regular Season,1610612762,1610612763,147,101,2025-26,Jazz,Utah,Grizzlies,Memphis
0022501185,2026-04-10,Regular Season,1610612747,1610612756,101,73,2025-26,Lakers,Los Angeles,Suns,Phoenix
0022501182,2026-04-10,Regular Season,1610612743,1610612760,127,107,2025-26,Nuggets,Denver,Thunder,Oklahoma City
0022501180,2026-04-10,Regular Season,1610612759,1610612742,139,120,2025-26,Spurs,San Antonio,Mavericks,Dallas
0022501177,2026-04-10,Regular Season,1610612741,1610612753,103,127,2025-26,Bulls,Chicago,Magic,Orlando
0022501179,2026-04-10,Regular Season,1610612749,1610612751,125,108,2025-26,Bucks,Milwaukee,Nets,Brooklyn
0022501174,2026-04-10,Regular Season,1610612738,1610612740,144,118,2025-26,Celtics,Boston,Pelicans,New Orleans
0022501178,2026-04-10,Regular Season,1610612745,1610612750,132,136,2025-26,Rockets,Houston,Timberwolves,Minnesota
0022501191,2026-04-12,Regular Season,1610612755,1610612749,126,106,2025-26,76ers,Philadelphia,Bucks,Milwaukee
0022501193,2026-04-12,Regular Season,1610612742,1610612741,149,128,2025-26,Mavericks,Dallas,Bulls,Chicago
0022501195,2026-04-12,Regular Season,1610612750,1610612740,132,126,2025-26,Timberwolves,Minnesota,Pelicans,New Orleans
0022501198,2026-04-12,Regular Season,1610612747,1610612762,131,107,2025-26,Lakers,Los Angeles,Jazz,Utah
0022501200,2026-04-12,Regular Season,1610612757,1610612758,122,110,2025-26,Blazers,Portland Trail,Kings,Sacramento
0022501194,2026-04-12,Regular Season,1610612745,1610612763,132,101,2025-26,Rockets,Houston,Grizzlies,Memphis
0022501199,2026-04-12,Regular Season,1610612746,1610612744,115,110,2025-26,Clippers,LA,Warriors,Golden State
0022501189,2026-04-12,Regular Season,1610612748,1610612737,143,117,2025-26,Heat,Miami,Hawks,Atlanta
0022501188,2026-04-12,Regular Season,1610612754,1610612765,121,133,2025-26,Pacers,Indiana,Pistons,Detroit
0022501192,2026-04-12,Regular Season,1610612761,1610612751,136,101,2025-26,Raptors,Toronto,Nets,Brooklyn
0022501196,2026-04-12,Regular Season,1610612760,1610612756,103,135,2025-26,Thunder,Oklahoma City,Suns,Phoenix
0022501187,2026-04-12,Regular Season,1610612739,1610612764,130,117,2025-26,Cavaliers,Cleveland,Wizards,Washington
0022501197,2026-04-12,Regular Season,1610612759,1610612743,118,128,2025-26,Spurs,San Antonio,Nuggets,Denver
0022501186,2026-04-12,Regular Season,1610612738,1610612753,113,108,2025-26,Celtics,Boston,Magic,Orlando
0022501190,2026-04-12,Regular Season,1610612752,1610612766,96,110,2025-26,Knicks,New York,Hornets,Charlotte
0042500131,2026-04-18,Playoffs,1610612739,1610612761,126,113,2025-26,Cavaliers,Cleveland,Raptors,Toronto
0042500121,2026-04-18,Playoffs,1610612752,1610612737,113,102,2025-26,Knicks,New York,Hawks,Atlanta
0042500171,2026-04-18,Playoffs,1610612747,1610612745,107,98,2025-26,Lakers,Los Angeles,Rockets,Houston
0042500161,2026-04-18,Playoffs,1610612743,1610612750,116,105,2025-26,Nuggets,Denver,Timberwolves,Minnesota
0042500111,2026-04-19,Playoffs,1610612738,1610612755,123,91,2025-26,Celtics,Boston,76ers,Philadelphia
0042500141,2026-04-19,Playoffs,1610612760,1610612756,119,84,2025-26,Thunder,Oklahoma City,Suns,Phoenix
0042500101,2026-04-19,Playoffs,1610612765,1610612753,101,112,2025-26,Pistons,Detroit,Magic,Orlando
0042500151,2026-04-19,Playoffs,1610612759,1610612757,111,98,2025-26,Spurs,San Antonio,Blazers,Portland Trail
0042500122,2026-04-20,Playoffs,1610612752,1610612737,106,107,2025-26,Knicks,New York,Hawks,Atlanta
0042500162,2026-04-20,Playoffs,1610612743,1610612750,114,119,2025-26,Nuggets,Denver,Timberwolves,Minnesota
0042500132,2026-04-20,Playoffs,1610612739,1610612761,115,105,2025-26,Cavaliers,Cleveland,Raptors,Toronto
0042500112,2026-04-21,Playoffs,1610612738,1610612755,97,111,2025-26,Celtics,Boston,76ers,Philadelphia
0042500172,2026-04-21,Playoffs,1610612747,1610612745,101,94,2025-26,Lakers,Los Angeles,Rockets,Houston
0042500152,2026-04-21,Playoffs,1610612759,1610612757,103,106,2025-26,Spurs,San Antonio,Blazers,Portland Trail
0042500142,2026-04-22,Playoffs,1610612760,1610612756,120,107,2025-26,Thunder,Oklahoma City,Suns,Phoenix
0042500102,2026-04-22,Playoffs,1610612765,1610612753,98,83,2025-26,Pistons,Detroit,Magic,Orlando
0042500123,2026-04-23,Playoffs,1610612737,1610612752,109,108,2025-26,Hawks,Atlanta,Knicks,New York
0042500163,2026-04-23,Playoffs,1610612750,1610612743,113,96,2025-26,Timberwolves,Minnesota,Nuggets,Denver
0042500133,2026-04-23,Playoffs,1610612761,1610612739,126,104,2025-26,Raptors,Toronto,Cavaliers,Cleveland
0042500153,2026-04-24,Playoffs,1610612757,1610612759,108,120,2025-26,Blazers,Portland Trail,Spurs,San Antonio
0042500173,2026-04-24,Playoffs,1610612745,1610612747,108,112,2025-26,Rockets,Houston,Lakers,Los Angeles
0042500113,2026-04-24,Playoffs,1610612755,1610612738,100,108,2025-26,76ers,Philadelphia,Celtics,Boston
0042500164,2026-04-25,Playoffs,1610612750,1610612743,112,96,2025-26,Timberwolves,Minnesota,Nuggets,Denver
0042500103,2026-04-25,Playoffs,1610612753,1610612765,113,105,2025-26,Magic,Orlando,Pistons,Detroit
0042500143,2026-04-25,Playoffs,1610612756,1610612760,109,121,2025-26,Suns,Phoenix,Thunder,Oklahoma City
0042500124,2026-04-25,Playoffs,1610612737,1610612752,98,114,2025-26,Hawks,Atlanta,Knicks,New York
0042500174,2026-04-26,Playoffs,1610612745,1610612747,115,96,2025-26,Rockets,Houston,Lakers,Los Angeles
0042500114,2026-04-26,Playoffs,1610612755,1610612738,96,128,2025-26,76ers,Philadelphia,Celtics,Boston
0042500134,2026-04-26,Playoffs,1610612761,1610612739,93,89,2025-26,Raptors,Toronto,Cavaliers,Cleveland
0042500154,2026-04-26,Playoffs,1610612757,1610612759,93,114,2025-26,Blazers,Portland Trail,Spurs,San Antonio
0042500104,2026-04-27,Playoffs,1610612753,1610612765,94,88,2025-26,Magic,Orlando,Pistons,Detroit
0042500165,2026-04-27,Playoffs,1610612743,1610612750,125,113,2025-26,Nuggets,Denver,Timberwolves,Minnesota
0042500144,2026-04-27,Playoffs,1610612756,1610612760,122,131,2025-26,Suns,Phoenix,Thunder,Oklahoma City
0042500155,2026-04-28,Playoffs,1610612759,1610612757,114,95,2025-26,Spurs,San Antonio,Blazers,Portland Trail
0042500125,2026-04-28,Playoffs,1610612752,1610612737,126,97,2025-26,Knicks,New York,Hawks,Atlanta
0042500115,2026-04-28,Playoffs,1610612738,1610612755,97,113,2025-26,Celtics,Boston,76ers,Philadelphia
0042500135,2026-04-29,Playoffs,1610612739,1610612761,125,120,2025-26,Cavaliers,Cleveland,Raptors,Toronto
0042500175,2026-04-29,Playoffs,1610612747,1610612745,93,99,2025-26,Lakers,Los Angeles,Rockets,Houston
0042500105,2026-04-29,Playoffs,1610612765,1610612753,116,109,2025-26,Pistons,Detroit,Magic,Orlando
0042500166,2026-04-30,Playoffs,1610612750,1610612743,110,98,2025-26,Timberwolves,Minnesota,Nuggets,Denver
0042500116,2026-04-30,Playoffs,1610612755,1610612738,106,93,2025-26,76ers,Philadelphia,Celtics,Boston
0042500126,2026-04-30,Playoffs,1610612737,1610612752,89,140,2025-26,Hawks,Atlanta,Knicks,New York
0042500106,2026-05-01,Playoffs,1610612753,1610612765,79,93,2025-26,Magic,Orlando,Pistons,Detroit
0042500176,2026-05-01,Playoffs,1610612745,1610612747,78,98,2025-26,Rockets,Houston,Lakers,Los Angeles
0042500136,2026-05-01,Playoffs,1610612761,1610612739,112,110,2025-26,Raptors,Toronto,Cavaliers,Cleveland
0042500117,2026-05-02,Playoffs,1610612738,1610612755,100,109,2025-26,Celtics,Boston,76ers,Philadelphia
0042500137,2026-05-03,Playoffs,1610612739,1610612761,114,102,2025-26,Cavaliers,Cleveland,Raptors,Toronto
0042500107,2026-05-03,Playoffs,1610612765,1610612753,116,94,2025-26,Pistons,Detroit,Magic,Orlando
0042500231,2026-05-04,Playoffs,1610612759,1610612750,102,104,2025-26,Spurs,San Antonio,Timberwolves,Minnesota
0042500211,2026-05-04,Playoffs,1610612752,1610612755,137,98,2025-26,Knicks,New York,76ers,Philadelphia
0042500221,2026-05-05,Playoffs,1610612760,1610612747,108,90,2025-26,Thunder,Oklahoma City,Lakers,Los Angeles
0042500201,2026-05-05,Playoffs,1610612765,1610612739,111,101,2025-26,Pistons,Detroit,Cavaliers,Cleveland
0042500232,2026-05-06,Playoffs,1610612759,1610612750,133,95,2025-26,Spurs,San Antonio,Timberwolves,Minnesota
0042500212,2026-05-06,Playoffs,1610612752,1610612755,108,102,2025-26,Knicks,New York,76ers,Philadelphia
0042500222,2026-05-07,Playoffs,1610612760,1610612747,125,107,2025-26,Thunder,Oklahoma City,Lakers,Los Angeles
0042500202,2026-05-07,Playoffs,1610612765,1610612739,107,97,2025-26,Pistons,Detroit,Cavaliers,Cleveland
0042500213,2026-05-08,Playoffs,1610612755,1610612752,94,108,2025-26,76ers,Philadelphia,Knicks,New York
0042500233,2026-05-08,Playoffs,1610612750,1610612759,108,115,2025-26,Timberwolves,Minnesota,Spurs,San Antonio
0042500223,2026-05-09,Playoffs,1610612747,1610612760,108,131,2025-26,Lakers,Los Angeles,Thunder,Oklahoma City
0042500203,2026-05-09,Playoffs,1610612739,1610612765,116,109,2025-26,Cavaliers,Cleveland,Pistons,Detroit
0042500234,2026-05-10,Playoffs,1610612750,1610612759,114,109,2025-26,Timberwolves,Minnesota,Spurs,San Antonio
0042500214,2026-05-10,Playoffs,1610612755,1610612752,114,144,2025-26,76ers,Philadelphia,Knicks,New York
0042500224,2026-05-11,Playoffs,1610612747,1610612760,110,115,2025-26,Lakers,Los Angeles,Thunder,Oklahoma City
0042500204,2026-05-11,Playoffs,1610612739,1610612765,112,103,2025-26,Cavaliers,Cleveland,Pistons,Detroit
0042500235,2026-05-12,Playoffs,1610612759,1610612750,126,97,2025-26,Spurs,San Antonio,Timberwolves,Minnesota
0042500205,2026-05-13,Playoffs,1610612765,1610612739,113,117,2025-26,Pistons,Detroit,Cavaliers,Cleveland
0042500206,2026-05-15,Playoffs,1610612739,1610612765,94,115,2025-26,Cavaliers,Cleveland,Pistons,Detroit
0042500236,2026-05-15,Playoffs,1610612750,1610612759,109,139,2025-26,Timberwolves,Minnesota,Spurs,San Antonio
0042500207,2026-05-17,Playoffs,1610612765,1610612739,94,125,2025-26,Pistons,Detroit,Cavaliers,Cleveland
0042500311,2026-05-18,Playoffs,1610612760,1610612759,115,122,2025-26,Thunder,Oklahoma City,Spurs,San Antonio
0042500301,2026-05-19,Playoffs,1610612752,1610612739,115,104,2025-26,Knicks,New York,Cavaliers,Cleveland
0042500312,2026-05-20,Playoffs,1610612760,1610612759,122,113,2025-26,Thunder,Oklahoma City,Spurs,San Antonio
0042500302,2026-05-21,Playoffs,1610612752,1610612739,109,93,2025-26,Knicks,New York,Cavaliers,Cleveland
0042500313,2026-05-22,Playoffs,1610612759,1610612760,108,123,2025-26,Spurs,San Antonio,Thunder,Oklahoma City
0042500303,2026-05-23,Playoffs,1610612739,1610612752,108,121,2025-26,Cavaliers,Cleveland,Knicks,New York
0042500314,2026-05-24,Playoffs,1610612759,1610612760,103,82,2025-26,Spurs,San Antonio,Thunder,Oklahoma City
0042500304,2026-05-25,Playoffs,1610612739,1610612752,93,130,2025-26,Cavaliers,Cleveland,Knicks,New York
0042500315,2026-05-26,Playoffs,1610612760,1610612759,127,114,2025-26,Thunder,Oklahoma City,Spurs,San Antonio
0042500316,2026-05-28,Playoffs,1610612759,1610612760,118,91,2025-26,Spurs,San Antonio,Thunder,Oklahoma City
0042500317,2026-05-30,Playoffs,1610612760,1610612759,103,111,2025-26,Thunder,Oklahoma City,Spurs,San Antonio
0042500401,2026-06-03,Playoffs,1610612759,1610612752,95,105,2025-26,Spurs,San Antonio,Knicks,New York
0042500402,2026-06-05,Playoffs,1610612759,1610612752,104,105,2025-26,Spurs,San Antonio,Knicks,New York
0042500403,2026-06-08,Playoffs,1610612752,1610612759,111,115,2025-26,Knicks,New York,Spurs,San Antonio
0042500404,2026-06-10,Playoffs,1610612752,1610612759,107,106,2025-26,Knicks,New York,Spurs,San Antonio
0042500405,2026-06-13,Playoffs,1610612759,1610612752,90,94,2025-26,Spurs,San Antonio,Knicks,New York
